CUSTOMER_ID,CUSTOMER_CD,CUSTOMER_NM,CUSTOMER_NM_KANA,BIRTH_DT,GENDER_CD,EMAIL,PHONE,ENTRY_TS,UPDATE_TS
1,C000001,田中 裕子,タナカ ユウコ,1964-09-09,F,zkfman1@example.co.jp,090-4144-9873,2023-04-25 02:34:01,
2,C000002,加藤 杏,カトウ アン,1985-11-19,F,fiawz2@test.jp,090-9657-1989,2020-06-26 12:46:02,
3,C000003,池田 翔,イケダ ショウ,1980-09-08,M,ylarna3@example.jp,090-9105-2093,2023-01-28 06:07:20,
4,C000004,佐藤 陽介,サトウ ヨウスケ,1978-07-18,M,piaoatl4@example.co.jp,090-9237-9909,2020-10-20 15:46:58,
5,C000005,村上 美穂,ムラカミ ミホ,1959-11-03,F,gpfffb5@test.jp,090-7916-8743,2021-01-22 12:48:30,
6,C000006,後藤 葵,ゴトウ アオイ,1967-02-15,F,oiawey6@example.jp,090-6066-8389,2023-02-18 12:37:13,
7,C000007,小林 麻衣,コバヤシ マイ,1995-01-06,F,nqkrey7@example.co.jp,090-8552-3912,2022-09-20 07:34:00,
8,C000008,松本 京子,マツモト キョウコ,1986-07-19,F,eeiihnan8@test.jp,090-4967-7440,2020-07-23 09:19:33,
9,C000009,佐藤 隆,サトウ タカシ,1969-11-16,M,piazfr9@example.jp,090-7067-6508,2023-05-13 19:10:54,
10,C000010,前田 健一,マエダ ケンイチ,1957-09-09,M,ecalzyb10@example.co.jp,090-2258-1080,2020-03-28 17:29:13,
11,C000011,後藤 大輔,ゴトウ ダイスケ,1967-06-18,M,oiaaytl11@test.jp,090-6520-6020,2020-03-05 01:23:17,
12,C000012,前田 由美,マエダ ユミ,1960-04-02,F,ecamf12@example.jp,090-7717-1987,2022-07-02 09:58:50,
13,C000013,斎藤 香織,サイトウ カオリ,1981-07-22,F,pyiafeq13@example.co.jp,090-6490-9892,2021-07-03 09:33:48,
14,C000014,山本 由美,ヤマモト ユミ,1993-09-06,F,keiimf14@test.jp,090-8876-2842,2021-08-16 09:34:49,
15,C000015,高橋 恵子,タカハシ ケイコ,1965-11-28,F,zfprlyn15@example.jp,090-2976-7909,2022-04-11 13:44:50,
16,C000016,山本 雄太,ヤマモト ユウタ,1997-10-06,M,keiimaz16@example.co.jp,090-2826-5993,2021-03-09 13:26:20,
17,C000017,木村 加奈,キムラ カナ,1957-05-06,F,hgpfk17@test.jp,090-7249-8900,2022-02-11 20:40:22,
18,C000018,石川 健一,イシカワ ケンイチ,1974-09-11,M,yrfvlzyb18@example.jp,090-8148-2373,2021-11-03 13:23:41,
19,C000019,橋本 直樹,ハシモト ナオキ,1998-08-05,M,priikeh19@example.co.jp,090-2539-6464,2022-05-14 00:28:43,
20,C000020,林 千恵,ハヤシ チエ,1993-08-01,F,pkrbc20@test.jp,090-4365-9947,2020-09-09 17:35:38,
21,C000021,田中 美月,タナカ ミツキ,1984-01-24,F,zkffeh21@example.jp,090-1314-3895,2023-12-31 03:28:58,
22,C000022,山口 大輔,ヤマグチ ダイスケ,1990-02-12,M,kekbaytl22@example.co.jp,090-6434-3893,2022-06-08 23:56:55,
23,C000023,森 達也,モリ タツヤ,1989-06-11,M,iqzek23@test.jp,090-1465-2230,2023-11-21 06:28:27,
24,C000024,井上 千恵,イノウエ チエ,1987-02-12,F,yoacbc24@example.jp,090-8985-8301,2022-04-02 05:07:33,
25,C000025,山口 一郎,ヤマグチ イチロウ,1969-04-22,M,kekbybta25@example.co.jp,090-5366-2534,2022-07-03 04:42:36,
26,C000026,後藤 雄太,ゴトウ ユウタ,1973-05-16,M,oiamaz26@test.jp,090-1655-6225,2022-05-25 05:58:32,
27,C000027,山本 諒,ヤマモト リョウ,1969-02-17,M,keiiqna27@example.jp,090-8095-8874,2022-10-14 00:48:14,
28,C000028,松本 大樹,マツモト ダイキ,1991-03-06,M,eeiiayh28@example.co.jp,090-8350-1627,2021-01-11 07:43:36,
29,C000029,井上 葵,イノウエ アオイ,1982-07-02,F,yoacwey29@test.jp,090-8410-2896,2020-11-18 04:50:46,
30,C000030,阿部 諒,アベ リョウ,1973-01-26,M,wzqna30@example.jp,090-9694-1638,2020-07-02 21:56:45,
31,C000031,井上 美月,イノウエ ミツキ,1990-09-13,F,yoacfeh31@example.co.jp,090-8507-4662,2020-02-14 17:07:27,
32,C000032,橋本 千秋,ハシモト チアキ,1986-03-28,F,priibwh32@test.jp,090-2989-2861,2021-08-10 19:35:24,
33,C000033,井上 一郎,イノウエ イチロウ,1964-08-28,M,yoacybta33@example.jp,090-5029-1774,2020-06-21 03:10:08,
34,C000034,加藤 直樹,カトウ ナオキ,1993-11-08,M,fiakeh34@example.co.jp,090-9150-4614,2020-11-19 08:17:50,
35,C000035,山口 葵,ヤマグチ アオイ,1971-05-12,F,kekbwey35@test.jp,090-4167-7982,2021-08-24 04:09:52,
36,C000036,松本 慎一,マツモト シンイチ,1961-02-05,M,eeiirzyb36@example.jp,090-8354-7212,2020-04-03 08:35:24,
37,C000037,小林 亮,コバヤシ リョウ,1994-10-13,M,nqkrqna37@example.co.jp,090-1956-7555,2023-01-06 03:43:42,
38,C000038,阿部 智,アベ サトシ,1996-02-08,M,wzpir38@test.jp,090-5018-1592,2022-09-29 16:34:02,
39,C000039,木村 智,キムラ サトシ,1997-04-17,M,hgppir39@example.jp,090-7589-6302,2020-11-01 00:08:56,
40,C000040,斎藤 智,サイトウ サトシ,1990-10-18,M,pyiapir40@example.co.jp,090-8171-2784,2020-04-15 02:53:43,
41,C000041,斎藤 美穂,サイトウ ミホ,1965-05-03,F,pyiafb41@test.jp,090-5414-9892,2020-12-29 10:05:18,
42,C000042,鈴木 七海,スズキ ナナミ,1993-07-24,F,tuhkkf42@example.jp,090-3261-7792,2022-02-26 05:53:51,
43,C000043,長谷川 浩,ハセガワ ヒロシ,1996-11-28,M,pvgvstr43@example.co.jp,090-6257-3018,2022-07-27 22:17:45,
44,C000044,鈴木 哲也,スズキ テツヤ,1974-02-07,M,tuhgek44@test.jp,090-6467-2918,2020-03-07 09:46:30,
45,C000045,小林 健太,コバヤシ ケンタ,1956-04-19,M,nqkrlzz45@example.jp,090-1963-7994,2021-01-16 09:57:07,
46,C000046,斎藤 達也,サイトウ タツヤ,1967-02-08,M,pyiazek46@example.co.jp,090-8077-5774,2022-04-27 07:42:52,
47,C000047,井上 凜,イノウエ リン,1987-01-09,F,yoacqz47@test.jp,090-4902-4057,2022-01-31 05:05:18,
48,C000048,橋本 恵子,ハシモト ケイコ,1962-08-12,F,priilyn48@example.jp,090-3970-3973,2020-05-19 11:52:00,
49,C000049,中村 智子,ナカムラ トモコ,1997-02-01,F,kfgpiin49@example.co.jp,090-6692-4154,2021-11-10 21:37:14,
50,C000050,村上 千恵,ムラカミ チエ,1991-10-13,F,gpffbc50@test.jp,090-4819-3880,2020-10-16 09:21:35,
51,C000051,中村 雄太,ナカムラ ユウタ,1959-08-18,M,kfgpmaz51@example.jp,090-1098-9595,2023-05-11 08:43:25,
52,C000052,池田 知美,イケダ トモミ,1973-11-08,F,ylaiif52@example.co.jp,090-1170-9443,2023-04-26 08:08:07,
53,C000053,林 陽菜,ハヤシ ヒナ,1960-01-30,F,pkrsk53@test.jp,090-4309-3112,2022-07-27 06:22:24,
54,C000054,佐藤 萌,サトウ モエ,1983-05-15,F,piaic54@example.jp,090-1177-9509,2023-06-18 09:22:21,
55,C000055,藤田 大樹,フジタ ダイキ,1985-07-29,M,vszayh55@example.co.jp,090-5628-9394,2021-01-31 08:15:05,
56,C000056,小林 裕子,コバヤシ ユウコ,1954-10-12,F,nqkrman56@test.jp,090-7604-6756,2023-09-08 12:51:19,
57,C000057,橋本 結衣,ハシモト ユイ,1986-03-01,F,priimy57@example.jp,090-5555-9591,2023-10-26 03:14:30,
58,C000058,藤田 久美子,フジタ クミコ,1998-12-08,F,vszjfn58@example.co.jp,090-9850-6650,2021-03-13 02:05:57,
59,C000059,山田 亮,ヤマダ リョウ,1977-04-24,M,keaqna59@test.jp,090-6142-2313,2022-05-28 19:36:53,
60,C000060,中村 颯太,ナカムラ ソウタ,1992-11-15,M,kfgpxaz60@example.jp,090-3708-2787,2021-09-04 23:14:26,
61,C000061,山崎 浩,ヤマザキ ヒロシ,1968-11-19,M,keqhstr61@example.co.jp,090-1734-2701,2021-12-19 17:08:28,
62,C000062,石川 杏,イシカワ アン,1959-05-16,F,yrfvwz62@test.jp,090-4986-6492,2023-08-19 05:53:06,
63,C000063,藤田 大樹,フジタ ダイキ,1965-01-26,M,vszayh63@example.jp,090-1162-2187,2022-01-03 19:23:39,
64,C000064,長谷川 真理,ハセガワ マリ,1988-07-23,F,pvgveq64@example.co.jp,090-3256-6788,2022-04-04 12:17:18,
65,C000065,長谷川 智之,ハセガワ トモユキ,1982-10-18,M,pvgviimh65@test.jp,090-9135-6179,2022-10-01 01:03:22,
66,C000066,山田 浩,ヤマダ ヒロシ,1996-05-18,M,keastr66@example.jp,090-9360-9614,2021-05-27 20:51:11,
67,C000067,吉田 修,ヨシダ オサム,1970-08-04,M,oraepg67@example.co.jp,090-9964-4905,2024-01-25 11:27:28,
68,C000068,佐藤 陽菜,サトウ ヒナ,1974-07-11,F,piask68@test.jp,090-2606-1572,2023-07-03 11:36:08,
69,C000069,岡田 健太,オカダ ケンタ,1956-10-20,M,efalzz69@example.jp,090-1713-7558,2021-11-15 23:32:48,
70,C000070,高橋 千秋,タカハシ チアキ,1978-03-23,F,zfprbwh70@example.co.jp,090-1261-4333,2022-10-31 01:37:16,
71,C000071,岡田 知美,オカダ トモミ,1994-09-05,F,efaiif71@test.jp,090-3219-1212,2021-01-07 18:53:00,
72,C000072,鈴木 颯太,スズキ ソウタ,1971-09-29,M,tuhxaz72@example.jp,090-7024-5596,2023-09-06 18:32:29,
73,C000073,村上 葵,ムラカミ アオイ,1997-04-18,F,gpffwey73@example.co.jp,090-7209-5397,2020-08-16 01:39:37,
74,C000074,小林 健太,コバヤシ ケンタ,1972-10-08,M,nqkrlzz74@test.jp,090-6683-9318,2021-11-23 17:38:13,
75,C000075,山本 智之,ヤマモト トモユキ,1989-06-15,M,keiiiimh75@example.jp,090-4277-5802,2023-12-26 15:58:15,
76,C000076,山本 大樹,ヤマモト ダイキ,1979-03-24,M,keiiayh76@example.co.jp,090-7134-5697,2022-07-19 09:36:15,
77,C000077,岡田 剛,オカダ ツヨシ,1966-10-28,M,efaeor77@test.jp,090-4403-6087,2022-03-04 14:48:23,
78,C000078,吉田 麻衣,ヨシダ マイ,1978-08-03,F,oraey78@example.jp,090-2312-5962,2022-12-12 11:43:10,
79,C000079,高橋 雄一,タカハシ ユウイチ,1964-01-13,M,zfprmayb79@example.co.jp,090-2767-2023,2021-08-13 18:46:41,
80,C000080,池田 直美,イケダ ナオミ,1977-01-31,F,ylakef80@test.jp,090-2619-8891,2021-07-29 07:39:58,
81,C000081,岡田 大輔,オカダ ダイスケ,1970-08-28,M,efaaytl81@example.jp,090-4659-6575,2020-08-02 11:08:34,
82,C000082,橋本 萌,ハシモト モエ,1957-06-08,F,priiic82@example.co.jp,090-1827-6359,2021-06-10 01:03:02,
83,C000083,松本 桜,マツモト サクラ,1960-12-09,F,eeiipjp83@test.jp,090-8410-5556,2022-08-01 03:18:21,
84,C000084,橋本 修,ハシモト オサム,1962-08-08,M,priiepg84@example.jp,090-5920-8320,2020-03-02 00:44:37,
85,C000085,山口 智,ヤマグチ サトシ,1977-03-08,M,kekbpir85@example.co.jp,090-2988-9402,2020-12-16 11:40:12,
86,C000086,山本 知美,ヤマモト トモミ,1959-01-21,F,keiiiif86@test.jp,090-6223-9204,2021-07-06 00:12:34,
87,C000087,山田 真理,ヤマダ マリ,1992-03-05,F,keaeq87@example.jp,090-8020-2224,2020-11-11 20:25:30,
88,C000088,橋本 太郎,ハシモト タロウ,1974-04-16,M,priizta88@example.co.jp,090-8435-1836,2020-01-19 05:25:44,
89,C000089,井上 太郎,イノウエ タロウ,1974-12-07,M,yoaczta89@test.jp,090-2187-6806,2022-03-31 02:21:18,
90,C000090,林 智,ハヤシ サトシ,1961-03-18,M,pkrpir90@example.jp,090-8291-7559,2023-03-25 02:40:27,
91,C000091,斎藤 智,サイトウ サトシ,1965-08-03,M,pyiapir91@example.co.jp,090-4790-3166,2020-11-17 01:03:10,
92,C000092,山口 修,ヤマグチ オサム,1962-04-12,M,kekbepg92@test.jp,090-5893-1281,2022-09-27 00:29:17,
93,C000093,村上 剛,ムラカミ ツヨシ,1963-05-03,M,gpffeor93@example.jp,090-4790-9020,2023-11-07 03:41:39,
94,C000094,小林 香織,コバヤシ カオリ,1958-04-13,F,nqkrfeq94@example.co.jp,090-1498-3602,2022-05-01 05:52:57,
95,C000095,加藤 由美,カトウ ユミ,1982-05-12,F,fiamf95@test.jp,090-1849-1276,2023-05-07 05:53:34,
96,C000096,中村 陽介,ナカムラ ヨウスケ,1956-12-23,M,kfgpoatl96@example.jp,090-4943-2924,2023-03-08 07:28:08,
97,C000097,山田 莉子,ヤマダ リコ,1966-03-02,F,keaqn97@example.co.jp,090-6688-4500,2021-06-06 00:15:17,
98,C000098,石川 智,イシカワ サトシ,1973-02-23,M,yrfvpir98@test.jp,090-9860-4819,2021-04-25 03:45:45,
99,C000099,高橋 誠,タカハシ マコト,1962-04-17,M,zfpreni99@example.jp,090-1603-5698,2022-02-11 12:23:24,
100,C000100,後藤 浩二,ゴトウ コウジ,1957-10-11,M,oianas100@example.co.jp,090-1009-6055,2023-06-22 13:52:18,
