customer_id,customer_code,customer_name,customer_name_kana,birth_date,gender,email,phone,created_at,updated_at
1,C000001,中村 陽介,ナカムラ ヨウスケ,1982-10-28,M,kfgpoatl1@example.co.jp,090-7246-5876,2022-01-02 23:24:30,
2,C000002,鈴木 浩,スズキ ヒロシ,1998-07-07,M,tuhstr2@test.jp,090-9715-5915,2023-08-21 16:52:08,
3,C000003,斎藤 恵子,サイトウ ケイコ,1981-08-06,F,pyialyn3@example.jp,090-5791-2151,2023-01-23 10:11:51,
4,C000004,橋本 颯太,ハシモト ソウタ,1984-09-23,M,priixaz4@example.co.jp,090-3617-1468,2021-02-05 05:52:59,
5,C000005,村上 智子,ムラカミ トモコ,1957-02-28,F,gpffiin5@test.jp,090-5852-4326,2021-09-26 03:42:49,
6,C000006,村上 莉子,ムラカミ リコ,1974-04-05,F,gpffqn6@example.jp,090-2887-1071,2021-07-30 05:00:45,
7,C000007,佐藤 健一,サトウ ケンイチ,1959-05-11,M,pialzyb7@example.co.jp,090-1682-2210,2021-09-15 11:08:36,
8,C000008,森 美穂,モリ ミホ,1991-10-28,F,iqfb8@test.jp,090-3116-7912,2023-09-13 16:00:30,
9,C000009,阿部 翔,アベ ショウ,1993-02-12,M,wzrna9@example.jp,090-8555-2330,2020-01-08 02:33:31,
10,C000010,鈴木 圭,スズキ ケイ,1992-06-23,M,tuhly10@example.co.jp,090-7398-1899,2023-08-18 10:39:35,
11,C000011,斎藤 千恵,サイトウ チエ,1978-03-23,F,pyiabc11@test.jp,090-2284-1027,2022-02-26 04:29:01,
12,C000012,林 慎一,ハヤシ シンイチ,1988-03-03,M,pkrrzyb12@example.jp,090-7727-6248,2022-01-09 13:46:02,
13,C000013,長谷川 太郎,ハセガワ タロウ,1980-12-22,M,pvgvzta13@example.co.jp,090-4275-1207,2021-10-02 09:02:50,
14,C000014,小林 浩二,コバヤシ コウジ,1973-07-13,M,nqkrnas14@test.jp,090-7713-5191,2021-08-07 13:07:06,
15,C000015,岡田 加奈,オカダ カナ,1995-02-01,F,efafk15@example.jp,090-2765-2219,2022-09-09 00:24:10,
16,C000016,岡田 浩二,オカダ コウジ,1969-01-11,M,efanas16@example.co.jp,090-1653-6737,2020-02-04 11:22:24,
17,C000017,木村 智,キムラ サトシ,1958-09-25,M,hgppir17@test.jp,090-6663-9824,2022-01-23 03:23:04,
18,C000018,池田 美穂,イケダ ミホ,1962-01-15,F,ylafb18@example.jp,090-2815-2523,2022-06-20 07:46:18,
19,C000019,山口 浩,ヤマグチ ヒロシ,1960-08-20,M,kekbstr19@example.co.jp,090-8224-5047,2024-01-22 21:34:43,
20,C000020,小林 達也,コバヤシ タツヤ,1956-07-31,M,nqkrzek20@test.jp,090-3395-3038,2022-11-25 20:38:51,
21,C000021,長谷川 拓也,ハセガワ タクヤ,1973-09-03,M,pvgvzjk21@example.jp,090-3686-3385,2021-09-15 07:39:31,
22,C000022,橋本 莉子,ハシモト リコ,1970-11-10,F,priiqn22@example.co.jp,090-4456-8517,2023-05-12 13:17:32,
23,C000023,藤田 京子,フジタ キョウコ,1955-02-16,F,vszhnan23@test.jp,090-5583-8650,2021-06-11 09:32:30,
24,C000024,池田 浩,イケダ ヒロシ,1957-11-27,M,ylastr24@example.jp,090-7616-3590,2021-03-10 10:32:48,
25,C000025,林 雄太,ハヤシ ユウタ,1976-06-12,M,pkrmaz25@example.co.jp,090-3241-2182,2021-05-02 21:24:27,
26,C000026,森 雄一,モリ ユウイチ,1988-12-07,M,iqmayb26@test.jp,090-1421-6279,2023-03-12 09:16:26,
27,C000027,山口 哲也,ヤマグチ テツヤ,1964-10-24,M,kekbgek27@example.jp,090-4855-1405,2023-08-28 12:53:12,
28,C000028,山本 凜,ヤマモト リン,1956-09-19,F,keiiqz28@example.co.jp,090-4607-7422,2022-09-07 13:09:06,
29,C000029,橋本 拓也,ハシモト タクヤ,1959-01-16,M,priizjk29@test.jp,090-4278-2839,2022-10-07 22:29:45,
30,C000030,田中 翔,タナカ ショウ,1992-05-14,M,zkfrna30@example.jp,090-6712-6164,2023-10-23 21:14:53,
31,C000031,小林 浩,コバヤシ ヒロシ,1987-07-27,M,nqkrstr31@example.co.jp,090-6439-1620,2020-02-15 16:32:23,
32,C000032,中村 修,ナカムラ オサム,1983-03-19,M,kfgpepg32@test.jp,090-9269-7169,2021-03-22 14:49:02,
33,C000033,村上 萌,ムラカミ モエ,1974-10-12,F,gpffic33@example.jp,090-8554-3351,2020-09-10 15:39:46,
34,C000034,井上 美月,イノウエ ミツキ,1996-06-27,F,yoacfeh34@example.co.jp,090-6844-3609,2020-01-28 08:34:50,
35,C000035,中村 由美,ナカムラ ユミ,1979-03-27,F,kfgpmf35@test.jp,090-2513-3217,2024-01-09 07:01:04,
36,C000036,阿部 翼,アベ ツバサ,1998-08-21,M,wzeqp36@example.jp,090-2444-8569,2023-06-28 06:40:14,
37,C000037,橋本 大樹,ハシモト ダイキ,1981-03-23,M,priiayh37@example.co.jp,090-1309-9268,2020-06-09 14:29:01,
38,C000038,清水 玲奈,シミズ レイナ,1987-04-23,F,rfusyk38@test.jp,090-3635-3816,2023-01-28 23:56:01,
39,C000039,吉田 京子,ヨシダ キョウコ,1980-10-26,F,orahnan39@example.jp,090-2417-1076,2022-05-15 02:20:10,
40,C000040,高橋 哲也,タカハシ テツヤ,1991-09-08,M,zfprgek40@example.co.jp,090-7017-1828,2022-10-13 11:57:04,
41,C000041,中村 千恵,ナカムラ チエ,1961-11-27,F,kfgpbc41@test.jp,090-5198-1183,2023-10-29 08:03:08,
42,C000042,森 莉子,モリ リコ,1962-10-18,F,iqqn42@example.jp,090-3205-7420,2022-12-27 19:04:21,
43,C000043,山田 香織,ヤマダ カオリ,1961-11-12,F,keafeq43@example.co.jp,090-5457-3500,2021-08-29 06:24:20,
44,C000044,田中 直樹,タナカ ナオキ,1991-11-07,M,zkfkeh44@test.jp,090-2095-8993,2023-01-28 01:43:49,
45,C000045,池田 麻衣,イケダ マイ,1980-01-11,F,ylaey45@example.jp,090-3455-9447,2020-08-30 13:39:19,
46,C000046,佐藤 蓮,サトウ レン,1964-01-05,M,piasz46@example.co.jp,090-5993-2741,2020-12-30 13:50:56,
47,C000047,井上 裕子,イノウエ ユウコ,1981-01-10,F,yoacman47@test.jp,090-5025-4181,2020-09-26 01:02:14,
48,C000048,高橋 一郎,タカハシ イチロウ,1973-04-07,M,zfprybta48@example.jp,090-2416-3634,2021-12-22 21:46:11,
49,C000049,田中 凜,タナカ リン,1976-09-28,F,zkfqz49@example.co.jp,090-3377-3686,2022-11-03 05:44:06,
50,C000050,高橋 哲也,タカハシ テツヤ,1993-03-19,M,zfprgek50@test.jp,090-3174-4315,2021-01-15 09:10:05,
51,C000051,山田 美咲,ヤマダ ミサキ,1971-09-14,F,keafph51@example.jp,090-7433-3023,2020-02-05 04:03:04,
52,C000052,後藤 達也,ゴトウ タツヤ,1990-02-22,M,oiazek52@example.co.jp,090-6694-4069,2022-09-24 21:06:40,
53,C000053,田中 智之,タナカ トモユキ,1983-05-13,M,zkfiimh53@test.jp,090-7865-4556,2022-12-01 19:17:40,
54,C000054,村上 颯太,ムラカミ ソウタ,1957-12-02,M,gpffxaz54@example.jp,090-1121-5077,2022-01-21 18:32:29,
55,C000055,藤田 修,フジタ オサム,1990-03-07,M,vszepg55@example.co.jp,090-2392-4409,2022-04-09 03:26:01,
56,C000056,山崎 直美,ヤマザキ ナオミ,1958-11-03,F,keqhkef56@test.jp,090-9182-2062,2022-05-09 15:55:36,
57,C000057,田中 慎一,タナカ シンイチ,1961-10-25,M,zkfrzyb57@example.jp,090-7152-2107,2021-11-23 05:30:36,
58,C000058,高橋 剛,タカハシ ツヨシ,1968-09-03,M,zfpreor58@example.co.jp,090-5609-6147,2022-12-11 22:22:18,
59,C000059,岡田 誠,オカダ マコト,1965-03-16,M,efaeni59@test.jp,090-8126-8993,2022-03-08 12:22:18,
60,C000060,山田 達也,ヤマダ タツヤ,1992-03-15,M,keazek60@example.jp,090-1416-4178,2024-01-08 22:38:22,
61,C000061,木村 久美子,キムラ クミコ,1974-08-25,F,hgpjfn61@example.co.jp,090-9044-6557,2021-06-04 00:52:53,
62,C000062,阿部 雄太,アベ ユウタ,1956-08-14,M,wzmaz62@test.jp,090-2393-6762,2023-07-29 09:34:22,
63,C000063,渡辺 香織,ワタナベ カオリ,1978-11-15,F,vzkzfeq63@example.jp,090-9022-2670,2021-06-05 07:36:14,
64,C000064,岡田 葵,オカダ アオイ,1975-02-11,F,efawey64@example.co.jp,090-9899-7222,2022-10-26 20:13:42,
65,C000065,加藤 智子,カトウ トモコ,1963-08-03,F,fiaiin65@test.jp,090-2284-4954,2024-01-20 20:52:17,
66,C000066,長谷川 太郎,ハセガワ タロウ,1983-01-04,M,pvgvzta66@example.jp,090-5210-7552,2023-02-05 20:30:23,
67,C000067,佐藤 誠,サトウ マコト,1963-09-16,M,piaeni67@example.co.jp,090-4656-2265,2021-10-06 05:56:50,
68,C000068,吉田 達也,ヨシダ タツヤ,1975-01-20,M,orazek68@test.jp,090-3220-9263,2022-11-04 00:49:06,
69,C000069,鈴木 健一,スズキ ケンイチ,1976-12-24,M,tuhlzyb69@example.jp,090-2914-3459,2022-02-27 23:16:52,
70,C000070,斎藤 陽介,サイトウ ヨウスケ,1977-02-27,M,pyiaoatl70@example.co.jp,090-4207-3912,2022-07-15 00:56:39,
71,C000071,渡辺 麻美,ワタナベ アサミ,1967-03-10,F,vzkzwpf71@test.jp,090-3954-4082,2021-05-10 00:52:19,
72,C000072,山崎 麻衣,ヤマザキ マイ,1990-04-14,F,keqhey72@example.jp,090-4356-4902,2021-02-13 06:45:49,
73,C000073,斎藤 花子,サイトウ ハナコ,1986-12-08,F,pyiapkn73@example.co.jp,090-6399-6056,2021-02-07 13:57:08,
74,C000074,後藤 健太,ゴトウ ケンタ,1954-09-15,M,oialzz74@test.jp,090-6836-6225,2022-10-16 10:04:06,
75,C000075,森 裕子,モリ ユウコ,1991-07-28,F,iqman75@example.jp,090-4723-7241,2023-09-12 09:06:45,
76,C000076,佐藤 詩織,サトウ シオリ,1993-01-10,F,piareq76@example.co.jp,090-5380-2939,2022-07-20 13:45:02,
77,C000077,山田 美咲,ヤマダ ミサキ,1954-08-15,F,keafph77@test.jp,090-3341-2314,2022-05-14 01:29:19,
78,C000078,村上 凜,ムラカミ リン,1993-09-27,F,gpffqz78@example.jp,090-3826-1077,2023-01-07 07:49:36,
79,C000079,加藤 颯太,カトウ ソウタ,1975-03-02,M,fiaxaz79@example.co.jp,090-4618-1819,2020-03-21 09:42:32,
80,C000080,橋本 雄太,ハシモト ユウタ,1994-06-06,M,priimaz80@test.jp,090-3712-2413,2022-08-24 00:17:39,
81,C000081,中村 諒,ナカムラ リョウ,1975-04-10,M,kfgpqna81@example.jp,090-6358-3265,2022-07-31 11:50:24,
82,C000082,渡辺 詩織,ワタナベ シオリ,1958-09-13,F,vzkzreq82@example.co.jp,090-7639-6905,2022-01-24 12:27:52,
83,C000083,佐藤 諒,サトウ リョウ,1991-11-07,M,piaqna83@test.jp,090-4622-8318,2022-08-17 08:31:08,
84,C000084,鈴木 慎一,スズキ シンイチ,1998-07-28,M,tuhrzyb84@example.jp,090-5122-4372,2021-09-08 20:50:47,
85,C000085,鈴木 杏,スズキ アン,1974-03-08,F,tuhwz85@example.co.jp,090-2517-7777,2023-12-17 10:12:21,
86,C000086,山口 桜,ヤマグチ サクラ,1959-09-26,F,kekbpjp86@test.jp,090-3928-2860,2022-12-09 20:52:23,
87,C000087,阿部 大輔,アベ ダイスケ,1985-08-01,M,wzaytl87@example.jp,090-5512-4369,2023-07-06 17:51:32,
88,C000088,阿部 誠,アベ マコト,1975-01-04,M,wzeni88@example.co.jp,090-3730-4790,2021-06-06 12:16:49,
89,C000089,池田 葵,イケダ アオイ,1969-12-04,F,ylawey89@test.jp,090-9746-8527,2021-01-15 18:03:27,
90,C000090,高橋 千秋,タカハシ チアキ,1986-04-01,F,zfprbwh90@example.jp,090-4820-5919,2021-11-12 09:52:36,
91,C000091,後藤 浩,ゴトウ ヒロシ,1985-01-25,M,oiastr91@example.co.jp,090-5932-6130,2022-08-28 13:06:08,
92,C000092,鈴木 美穂,スズキ ミホ,1992-04-16,F,tuhfb92@test.jp,090-7302-4945,2021-12-17 17:20:30,
93,C000093,木村 雄一,キムラ ユウイチ,1962-07-19,M,hgpmayb93@example.jp,090-2876-6452,2021-02-06 17:42:21,
94,C000094,森 大輔,モリ ダイスケ,1967-10-06,M,iqaytl94@example.co.jp,090-7914-1190,2020-01-27 03:59:50,
95,C000095,山田 葵,ヤマダ アオイ,1998-10-12,F,keawey95@test.jp,090-3402-7664,2021-06-19 10:15:14,
96,C000096,中村 翼,ナカムラ ツバサ,1992-06-09,M,kfgpeqp96@example.jp,090-3380-8034,2023-03-12 13:47:40,
97,C000097,山田 花子,ヤマダ ハナコ,1984-08-20,F,keapkn97@example.co.jp,090-5587-6185,2023-11-17 00:56:03,
98,C000098,田中 修,タナカ オサム,1974-08-02,M,zkfepg98@test.jp,090-6593-6042,2020-03-18 05:29:01,
99,C000099,吉田 加奈,ヨシダ カナ,1962-08-20,F,orafk99@example.jp,090-1454-1325,2022-04-10 18:16:55,
100,C000100,林 浩,ハヤシ ヒロシ,1984-03-10,M,pkrstr100@example.co.jp,090-9867-3874,2023-01-18 13:06:47,
101,C000101,後藤 大樹,ゴトウ ダイキ,1986-03-11,M,oiaayh101@test.jp,090-4731-6498,2022-08-28 02:20:46,
102,C000102,阿部 詩織,アベ シオリ,1978-03-31,F,wzreq102@example.jp,090-2873-7571,2024-01-11 21:10:39,
103,C000103,斎藤 慎一,サイトウ シンイチ,1959-02-13,M,pyiarzyb103@example.co.jp,090-9063-4875,2023-10-15 15:42:14,
104,C000104,加藤 裕子,カトウ ユウコ,1971-05-15,F,fiaman104@test.jp,090-7974-1500,2021-03-31 05:35:11,
105,C000105,木村 恵子,キムラ ケイコ,1987-07-20,F,hgplyn105@example.jp,090-1585-9963,2024-01-28 11:22:08,
106,C000106,加藤 翼,カトウ ツバサ,1971-04-08,M,fiaeqp106@example.co.jp,090-1075-8323,2021-10-03 13:42:42,
107,C000107,前田 久美子,マエダ クミコ,1994-11-01,F,ecajfn107@test.jp,090-5423-2063,2020-04-17 05:18:45,
108,C000108,石川 浩二,イシカワ コウジ,1994-12-27,M,yrfvnas108@example.jp,090-4421-8824,2021-05-03 17:13:12,
109,C000109,中村 浩二,ナカムラ コウジ,1982-12-22,M,kfgpnas109@example.co.jp,090-7718-5835,2021-10-20 14:07:01,
110,C000110,後藤 裕子,ゴトウ ユウコ,1959-12-29,F,oiaman110@test.jp,090-1389-8017,2021-07-03 01:53:54,
111,C000111,長谷川 萌,ハセガワ モエ,1959-05-17,F,pvgvic111@example.jp,090-6051-2535,2020-04-20 06:24:26,
112,C000112,橋本 圭,ハシモト ケイ,1989-03-01,M,priily112@example.co.jp,090-5598-8840,2022-11-20 22:09:43,
113,C000113,山口 京子,ヤマグチ キョウコ,1967-11-16,F,kekbhnan113@test.jp,090-9398-2615,2022-02-23 09:00:31,
114,C000114,松本 京子,マツモト キョウコ,1980-03-03,F,eeiihnan114@example.jp,090-1681-2024,2024-01-03 13:47:05,
115,C000115,藤田 恵子,フジタ ケイコ,1991-11-16,F,vszlyn115@example.co.jp,090-4621-6420,2020-01-11 02:12:42,
116,C000116,村上 大輔,ムラカミ ダイスケ,1995-10-20,M,gpffaytl116@test.jp,090-5744-3699,2024-01-28 13:11:49,
117,C000117,山田 一郎,ヤマダ イチロウ,1987-10-22,M,keaybta117@example.jp,090-7128-2709,2022-08-04 12:04:04,
118,C000118,池田 京子,イケダ キョウコ,1959-09-27,F,ylahnan118@example.co.jp,090-2384-3586,2022-09-09 12:51:05,
119,C000119,清水 圭,シミズ ケイ,1993-08-11,M,rfuly119@test.jp,090-3188-3502,2023-12-02 08:32:49,
120,C000120,斎藤 修,サイトウ オサム,1965-09-08,M,pyiaepg120@example.jp,090-2979-1813,2020-02-26 04:25:12,
121,C000121,清水 美穂,シミズ ミホ,1956-07-20,F,rfufb121@example.co.jp,090-1988-4755,2021-04-02 04:26:25,
122,C000122,山崎 智,ヤマザキ サトシ,1955-10-19,M,keqhpir122@test.jp,090-3286-6565,2021-10-22 03:28:50,
123,C000123,後藤 裕子,ゴトウ ユウコ,1972-07-22,F,oiaman123@example.jp,090-2968-4461,2020-04-28 08:35:00,
124,C000124,小林 加奈,コバヤシ カナ,1968-08-20,F,nqkrfk124@example.co.jp,090-1549-4856,2023-01-20 01:05:53,
125,C000125,林 太郎,ハヤシ タロウ,1975-02-03,M,pkrzta125@test.jp,090-1809-7065,2023-09-09 09:33:12,
126,C000126,後藤 大樹,ゴトウ ダイキ,1993-07-02,M,oiaayh126@example.jp,090-6494-3056,2021-09-17 16:20:28,
127,C000127,石川 玲奈,イシカワ レイナ,1973-03-14,F,yrfvsyk127@example.co.jp,090-8616-2608,2021-10-03 10:06:01,
128,C000128,石川 雄一,イシカワ ユウイチ,1974-04-27,M,yrfvmayb128@test.jp,090-1168-7093,2021-10-06 17:57:41,
129,C000129,斎藤 葵,サイトウ アオイ,1977-11-04,F,pyiawey129@example.jp,090-8738-3578,2021-04-07 13:11:42,
130,C000130,池田 杏,イケダ アン,1996-09-26,F,ylawz130@example.co.jp,090-7505-4572,2023-05-08 03:28:25,
131,C000131,渡辺 智子,ワタナベ トモコ,1968-04-07,F,vzkziin131@test.jp,090-9958-1378,2020-02-06 11:38:25,
132,C000132,木村 詩織,キムラ シオリ,1967-07-27,F,hgpreq132@example.jp,090-7978-9460,2023-08-08 23:47:00,
133,C000133,小林 直樹,コバヤシ ナオキ,1980-03-19,M,nqkrkeh133@example.co.jp,090-8207-3259,2021-11-12 09:29:12,
134,C000134,小林 智子,コバヤシ トモコ,1956-09-16,F,nqkriin134@test.jp,090-4831-8734,2023-02-12 07:47:02,
135,C000135,山本 剛,ヤマモト ツヨシ,1979-12-27,M,keiieor135@example.jp,090-4223-9450,2023-06-26 13:17:08,
136,C000136,山本 雄一,ヤマモト ユウイチ,1967-11-29,M,keiimayb136@example.co.jp,090-2122-2905,2021-04-13 04:52:47,
137,C000137,林 雄太,ハヤシ ユウタ,1983-09-21,M,pkrmaz137@test.jp,090-5900-1056,2020-01-23 12:40:14,
138,C000138,鈴木 亮,スズキ リョウ,1983-11-17,M,tuhqna138@example.jp,090-5344-8605,2023-01-13 16:49:55,
139,C000139,山口 大輔,ヤマグチ ダイスケ,1956-10-19,M,kekbaytl139@example.co.jp,090-9585-8740,2021-02-02 17:58:50,
140,C000140,松本 詩織,マツモト シオリ,1971-12-19,F,eeiireq140@test.jp,090-6168-2607,2022-04-03 16:43:07,
141,C000141,山口 隆,ヤマグチ タカシ,1976-02-01,M,kekbzfr141@example.jp,090-4117-5193,2021-12-29 06:36:48,
142,C000142,前田 智,マエダ サトシ,1967-07-13,M,ecapir142@example.co.jp,090-3442-1307,2023-10-24 06:53:54,
143,C000143,山田 麻衣,ヤマダ マイ,1972-05-22,F,keaey143@test.jp,090-5714-7752,2021-12-30 03:20:39,
144,C000144,小林 一郎,コバヤシ イチロウ,1981-12-15,M,nqkrybta144@example.jp,090-3612-4128,2022-02-07 19:55:40,
145,C000145,山崎 真理,ヤマザキ マリ,1983-04-20,F,keqheq145@example.co.jp,090-5373-1819,2023-03-18 18:52:07,
146,C000146,井上 一郎,イノウエ イチロウ,1972-02-24,M,yoacybta146@test.jp,090-9051-7326,2022-03-07 19:04:23,
147,C000147,佐藤 詩織,サトウ シオリ,1974-08-27,F,piareq147@example.jp,090-7121-5227,2023-02-19 22:03:54,
148,C000148,松本 健太,マツモト ケンタ,1958-02-19,M,eeiilzz148@example.co.jp,090-3583-7430,2020-03-16 18:38:47,
149,C000149,村上 京子,ムラカミ キョウコ,1959-12-21,F,gpffhnan149@test.jp,090-2771-5398,2023-10-05 13:45:12,
150,C000150,石川 美月,イシカワ ミツキ,1996-02-24,F,yrfvfeh150@example.jp,090-9669-3314,2020-05-21 14:02:20,
151,C000151,斎藤 陽菜,サイトウ ヒナ,1968-07-15,F,pyiask151@example.co.jp,090-5877-2629,2021-01-14 19:42:52,
152,C000152,前田 結衣,マエダ ユイ,1990-01-05,F,ecamy152@test.jp,090-6529-7710,2020-04-02 12:36:20,
153,C000153,中村 加奈,ナカムラ カナ,1966-12-09,F,kfgpfk153@example.jp,090-4522-9695,2023-03-31 08:04:23,
154,C000154,斎藤 太郎,サイトウ タロウ,1994-02-27,M,pyiazta154@example.co.jp,090-6950-5648,2020-01-23 11:26:11,
155,C000155,鈴木 健太,スズキ ケンタ,1970-12-19,M,tuhlzz155@test.jp,090-3090-9564,2024-01-23 00:23:22,
156,C000156,清水 太郎,シミズ タロウ,1997-12-07,M,rfuzta156@example.jp,090-4301-3538,2020-09-26 03:00:48,
157,C000157,池田 智,イケダ サトシ,1958-04-21,M,ylapir157@example.co.jp,090-8572-1234,2021-07-13 09:53:37,
158,C000158,前田 大樹,マエダ ダイキ,1985-07-20,M,ecaayh158@test.jp,090-4829-5125,2021-07-13 22:51:51,
159,C000159,小林 修,コバヤシ オサム,1968-06-14,M,nqkrepg159@example.jp,090-1084-4428,2021-08-14 10:27:23,
160,C000160,山田 麻美,ヤマダ アサミ,1984-10-29,F,keawpf160@example.co.jp,090-1172-9382,2021-08-31 10:45:56,
161,C000161,斎藤 太郎,サイトウ タロウ,1985-02-14,M,pyiazta161@test.jp,090-7772-6549,2023-12-31 19:49:31,
162,C000162,吉田 玲奈,ヨシダ レイナ,1974-09-22,F,orasyk162@example.jp,090-2400-6590,2023-08-25 03:44:07,
163,C000163,中村 桜,ナカムラ サクラ,1957-09-21,F,kfgppjp163@example.co.jp,090-3832-8342,2020-03-06 04:58:33,
164,C000164,村上 久美子,ムラカミ クミコ,1954-09-04,F,gpffjfn164@test.jp,090-1293-2010,2022-02-25 12:31:26,
165,C000165,阿部 葵,アベ アオイ,1973-04-26,F,wzwey165@example.jp,090-9466-3033,2021-03-28 02:44:52,
166,C000166,橋本 誠,ハシモト マコト,1990-09-05,M,priieni166@example.co.jp,090-6640-5404,2022-05-28 05:48:41,
167,C000167,田中 浩,タナカ ヒロシ,1998-03-09,M,zkfstr167@test.jp,090-5075-5832,2022-04-27 13:06:10,
168,C000168,木村 智之,キムラ トモユキ,1997-02-20,M,hgpiimh168@example.jp,090-7395-3366,2020-06-22 14:13:51,
169,C000169,山口 真理,ヤマグチ マリ,1979-02-15,F,kekbeq169@example.co.jp,090-8478-5370,2022-05-16 04:28:26,
170,C000170,渡辺 一郎,ワタナベ イチロウ,1979-11-25,M,vzkzybta170@test.jp,090-8346-3055,2021-02-11 11:46:04,
171,C000171,石川 浩,イシカワ ヒロシ,1978-01-02,M,yrfvstr171@example.jp,090-2159-8404,2022-11-15 15:37:27,
172,C000172,斎藤 慎太郎,サイトウ シンタロウ,1965-12-08,M,pyiarzzt172@example.co.jp,090-2558-3100,2021-08-07 13:17:57,
173,C000173,渡辺 諒,ワタナベ リョウ,1972-05-16,M,vzkzqna173@test.jp,090-7868-5448,2022-02-21 09:49:24,
174,C000174,石川 蓮,イシカワ レン,1960-08-27,M,yrfvsz174@example.jp,090-6236-8252,2024-01-18 17:51:00,
175,C000175,林 浩,ハヤシ ヒロシ,1958-11-10,M,pkrstr175@example.co.jp,090-1792-1312,2021-05-16 10:41:31,
176,C000176,村上 翔,ムラカミ ショウ,1997-11-01,M,gpffrna176@test.jp,090-5021-6136,2022-06-22 05:00:56,
177,C000177,前田 翔,マエダ ショウ,1954-02-01,M,ecarna177@example.jp,090-1110-4875,2021-07-31 01:38:13,
178,C000178,木村 萌,キムラ モエ,1969-05-09,F,hgpic178@example.co.jp,090-6796-4171,2020-02-01 18:26:02,
179,C000179,池田 久美子,イケダ クミコ,1988-03-03,F,ylajfn179@test.jp,090-5760-1244,2021-12-29 17:58:20,
180,C000180,山本 葵,ヤマモト アオイ,1998-02-28,F,keiiwey180@example.jp,090-4347-3730,2020-02-24 03:07:21,
181,C000181,中村 健太,ナカムラ ケンタ,1957-02-27,M,kfgplzz181@example.co.jp,090-2858-5924,2020-11-19 04:11:23,
182,C000182,林 真理,ハヤシ マリ,1980-06-02,F,pkreq182@test.jp,090-2908-5967,2022-05-01 15:14:00,
183,C000183,岡田 美咲,オカダ ミサキ,1986-08-17,F,efafph183@example.jp,090-1306-1642,2023-01-03 12:03:36,
184,C000184,山口 諒,ヤマグチ リョウ,1988-05-24,M,kekbqna184@example.co.jp,090-2219-3922,2022-11-12 18:19:17,
185,C000185,田中 諒,タナカ リョウ,1967-05-28,M,zkfqna185@test.jp,090-8903-8863,2023-05-16 23:39:21,
186,C000186,田中 修,タナカ オサム,1985-02-02,M,zkfepg186@example.jp,090-1445-6894,2021-01-05 00:48:51,
187,C000187,小林 翔,コバヤシ ショウ,1982-02-24,M,nqkrrna187@example.co.jp,090-3149-1099,2024-01-16 10:46:55,
188,C000188,岡田 翔,オカダ ショウ,1967-01-16,M,efarna188@test.jp,090-8296-6672,2023-09-30 17:15:45,
189,C000189,田中 諒,タナカ リョウ,1983-03-14,M,zkfqna189@example.jp,090-5787-5624,2021-02-17 20:21:30,
190,C000190,岡田 結衣,オカダ ユイ,1968-03-04,F,efamy190@example.co.jp,090-5950-9964,2022-11-21 07:16:25,
191,C000191,山本 裕子,ヤマモト ユウコ,1974-04-18,F,keiiman191@test.jp,090-3723-4952,2024-01-11 10:51:56,
192,C000192,山崎 隆,ヤマザキ タカシ,1992-01-17,M,keqhzfr192@example.jp,090-7741-7887,2020-12-23 00:09:02,
193,C000193,木村 香織,キムラ カオリ,1957-10-14,F,hgpfeq193@example.co.jp,090-9841-9912,2023-10-18 14:10:16,
194,C000194,井上 結衣,イノウエ ユイ,1967-09-19,F,yoacmy194@test.jp,090-9247-1358,2022-05-26 08:40:00,
195,C000195,吉田 久美子,ヨシダ クミコ,1998-03-16,F,orajfn195@example.jp,090-1790-1434,2020-10-09 10:17:34,
196,C000196,藤田 久美子,フジタ クミコ,1989-01-29,F,vszjfn196@example.co.jp,090-2364-4732,2023-02-15 19:43:11,
197,C000197,加藤 詩織,カトウ シオリ,1970-10-07,F,fiareq197@test.jp,090-6787-6104,2021-10-22 02:25:17,
198,C000198,中村 莉子,ナカムラ リコ,1988-07-06,F,kfgpqn198@example.jp,090-8860-4744,2020-03-29 13:25:50,
199,C000199,清水 健一,シミズ ケンイチ,1993-08-03,M,rfulzyb199@example.co.jp,090-9711-8517,2020-04-26 02:37:49,
200,C000200,渡辺 智,ワタナベ サトシ,1958-10-27,M,vzkzpir200@test.jp,090-3265-4007,2023-01-08 09:33:31,
