quote_id,product_id,quote_ts,source,payload
1,6,2024-04-17 03:19:27,EXCHANGE,"{""bid"": 42583.283, ""ask"": 42586.6151, ""volume"": 798228, ""spread"": 3.3321}"
2,7,2024-05-05 08:50:40,EXCHANGE,"{""bid"": 5244.5759, ""ask"": 5245.9656, ""volume"": 711305, ""spread"": 1.3897}"
3,18,2024-11-28 22:50:23,EXCHANGE,"{""bid"": 36391.2652, ""ask"": 36394.4729, ""volume"": 393322, ""spread"": 3.2077}"
4,38,2024-07-14 09:31:06,EXCHANGE,"{""bid"": 24662.8091, ""ask"": 24665.1084, ""volume"": 164574, ""spread"": 2.2993}"
5,1,2025-01-18 11:18:17,OTC,"{""bid"": 13938.5268, ""ask"": 13939.7471, ""volume"": 531926, ""spread"": 1.2203}"
6,31,2024-11-13 15:50:48,EXCHANGE,"{""bid"": 2216.7482, ""ask"": 2217.3125, ""volume"": 383192, ""spread"": 0.5643}"
7,10,2024-08-11 15:19:28,OTC,"{""bid"": 30348.5996, ""ask"": 30351.2897, ""volume"": 856005, ""spread"": 2.6901}"
8,32,2024-05-14 20:28:35,OTC,"{""bid"": 421.3667, ""ask"": 423.7891, ""volume"": 545423, ""spread"": 2.4224}"
9,7,2024-10-26 15:28:47,EXCHANGE,"{""bid"": 31287.648, ""ask"": 31287.9565, ""volume"": 895097, ""spread"": 0.3085}"
10,4,2024-09-21 00:58:41,EXCHANGE,"{""bid"": 43618.6267, ""ask"": 43622.8119, ""volume"": 998827, ""spread"": 4.1852}"
11,15,2024-05-06 22:04:18,EXCHANGE,"{""bid"": 5221.581, ""ask"": 5223.2582, ""volume"": 601411, ""spread"": 1.6772}"
12,40,2024-07-08 02:56:17,EXCHANGE,"{""bid"": 30014.0706, ""ask"": 30014.6705, ""volume"": 791854, ""spread"": 0.5999}"
13,14,2024-08-01 07:59:25,EXCHANGE,"{""bid"": 29979.4226, ""ask"": 29982.7652, ""volume"": 676881, ""spread"": 3.3426}"
14,9,2024-04-14 09:02:05,EXCHANGE,"{""bid"": 28577.4646, ""ask"": 28581.561, ""volume"": 276028, ""spread"": 4.0964}"
15,18,2024-09-22 01:02:15,EXCHANGE,"{""bid"": 15967.7889, ""ask"": 15971.8256, ""volume"": 979374, ""spread"": 4.0367}"
16,23,2024-02-14 06:16:59,EXCHANGE,"{""bid"": 5830.3941, ""ask"": 5835.2339, ""volume"": 563985, ""spread"": 4.8398}"
17,16,2025-01-26 01:26:55,OTC,"{""bid"": 43785.5342, ""ask"": 43786.7982, ""volume"": 558772, ""spread"": 1.264}"
18,11,2024-12-03 15:46:10,EXCHANGE,"{""bid"": 23731.0805, ""ask"": 23731.7187, ""volume"": 549777, ""spread"": 0.6382}"
19,31,2024-08-28 19:08:36,EXCHANGE,"{""bid"": 13082.7606, ""ask"": 13084.7371, ""volume"": 737055, ""spread"": 1.9765}"
20,29,2024-08-20 13:47:32,EXCHANGE,"{""bid"": 34610.3764, ""ask"": 34613.8256, ""volume"": 254719, ""spread"": 3.4492}"
21,8,2025-01-03 07:23:54,EXCHANGE,"{""bid"": 2054.1488, ""ask"": 2058.694, ""volume"": 274741, ""spread"": 4.5452}"
22,38,2024-04-25 05:12:04,OTC,"{""bid"": 40017.7759, ""ask"": 40019.8418, ""volume"": 465147, ""spread"": 2.0659}"
23,36,2025-02-02 08:01:51,EXCHANGE,"{""bid"": 13809.7617, ""ask"": 13813.8177, ""volume"": 876798, ""spread"": 4.056}"
24,21,2024-07-30 05:02:55,OTC,"{""bid"": 19490.6724, ""ask"": 19495.462, ""volume"": 93899, ""spread"": 4.7896}"
25,39,2024-03-16 10:09:53,EXCHANGE,"{""bid"": 35518.2022, ""ask"": 35519.8106, ""volume"": 342030, ""spread"": 1.6084}"
26,1,2024-03-10 18:38:40,EXCHANGE,"{""bid"": 8065.8966, ""ask"": 8068.3226, ""volume"": 595111, ""spread"": 2.426}"
27,14,2024-12-24 23:28:17,EXCHANGE,"{""bid"": 40230.9816, ""ask"": 40235.5621, ""volume"": 273764, ""spread"": 4.5805}"
28,28,2025-01-26 01:27:38,EXCHANGE,"{""bid"": 25198.7316, ""ask"": 25199.337, ""volume"": 260078, ""spread"": 0.6054}"
29,33,2024-04-12 04:27:31,EXCHANGE,"{""bid"": 6441.1266, ""ask"": 6445.5103, ""volume"": 241909, ""spread"": 4.3837}"
30,2,2024-10-26 07:30:02,EXCHANGE,"{""bid"": 4750.1121, ""ask"": 4750.5875, ""volume"": 89346, ""spread"": 0.4754}"
31,19,2024-02-18 06:06:19,EXCHANGE,"{""bid"": 5921.2911, ""ask"": 5921.5575, ""volume"": 13885, ""spread"": 0.2664}"
32,4,2025-01-10 16:16:52,OTC,"{""bid"": 37462.41, ""ask"": 37466.3974, ""volume"": 233496, ""spread"": 3.9874}"
33,12,2024-08-05 15:37:01,EXCHANGE,"{""bid"": 47717.5151, ""ask"": 47722.3279, ""volume"": 798871, ""spread"": 4.8128}"
34,1,2024-04-14 04:10:38,EXCHANGE,"{""bid"": 37644.9349, ""ask"": 37647.0813, ""volume"": 88351, ""spread"": 2.1464}"
35,26,2024-03-31 06:13:32,OTC,"{""bid"": 35528.6288, ""ask"": 35532.46, ""volume"": 88070, ""spread"": 3.8312}"
36,30,2025-01-18 14:37:06,EXCHANGE,"{""bid"": 44043.2955, ""ask"": 44044.0401, ""volume"": 34655, ""spread"": 0.7446}"
37,35,2024-08-01 09:37:20,EXCHANGE,"{""bid"": 47768.3522, ""ask"": 47771.8995, ""volume"": 195891, ""spread"": 3.5473}"
38,21,2024-10-24 21:35:10,OTC,"{""bid"": 18158.8653, ""ask"": 18159.8574, ""volume"": 771330, ""spread"": 0.9921}"
39,1,2024-04-27 01:10:55,EXCHANGE,"{""bid"": 39127.3299, ""ask"": 39127.343, ""volume"": 510282, ""spread"": 0.0131}"
40,4,2025-01-29 16:05:30,OTC,"{""bid"": 39280.8262, ""ask"": 39281.9129, ""volume"": 522683, ""spread"": 1.0867}"
41,6,2024-11-11 07:29:13,EXCHANGE,"{""bid"": 5804.1293, ""ask"": 5809.0578, ""volume"": 91487, ""spread"": 4.9285}"
42,7,2024-01-03 19:34:41,EXCHANGE,"{""bid"": 9724.3616, ""ask"": 9725.2515, ""volume"": 275446, ""spread"": 0.8899}"
43,22,2025-01-22 13:47:17,EXCHANGE,"{""bid"": 25698.6947, ""ask"": 25701.505, ""volume"": 846135, ""spread"": 2.8103}"
44,5,2024-12-23 09:32:30,EXCHANGE,"{""bid"": 22285.0722, ""ask"": 22289.2181, ""volume"": 383154, ""spread"": 4.1459}"
45,31,2024-04-04 09:56:27,EXCHANGE,"{""bid"": 37790.212, ""ask"": 37794.395, ""volume"": 415881, ""spread"": 4.183}"
46,21,2024-10-08 22:39:52,EXCHANGE,"{""bid"": 5324.8203, ""ask"": 5326.3643, ""volume"": 565289, ""spread"": 1.544}"
47,7,2024-02-01 07:33:25,EXCHANGE,"{""bid"": 12979.7425, ""ask"": 12983.1511, ""volume"": 632564, ""spread"": 3.4086}"
48,29,2024-04-16 07:25:29,EXCHANGE,"{""bid"": 16087.735, ""ask"": 16092.0898, ""volume"": 691726, ""spread"": 4.3548}"
49,11,2024-12-14 01:29:50,EXCHANGE,"{""bid"": 18919.5015, ""ask"": 18921.5734, ""volume"": 491608, ""spread"": 2.0719}"
50,17,2024-07-07 06:04:20,EXCHANGE,"{""bid"": 43943.58, ""ask"": 43944.3333, ""volume"": 804487, ""spread"": 0.7533}"
51,11,2024-06-14 02:50:09,OTC,"{""bid"": 14812.7819, ""ask"": 14815.544, ""volume"": 113302, ""spread"": 2.7621}"
52,3,2024-10-21 04:34:25,OTC,"{""bid"": 21745.1825, ""ask"": 21748.8386, ""volume"": 605450, ""spread"": 3.6561}"
53,6,2024-06-28 11:19:32,EXCHANGE,"{""bid"": 23627.1156, ""ask"": 23629.0364, ""volume"": 453336, ""spread"": 1.9208}"
54,33,2024-07-09 21:56:26,EXCHANGE,"{""bid"": 47072.6697, ""ask"": 47077.1405, ""volume"": 712852, ""spread"": 4.4708}"
55,9,2024-03-27 14:11:59,OTC,"{""bid"": 27339.1213, ""ask"": 27343.0788, ""volume"": 236274, ""spread"": 3.9575}"
56,8,2024-09-19 22:06:21,EXCHANGE,"{""bid"": 3746.9848, ""ask"": 3751.4971, ""volume"": 374346, ""spread"": 4.5123}"
57,20,2024-09-09 19:27:04,OTC,"{""bid"": 13334.1752, ""ask"": 13337.874, ""volume"": 403344, ""spread"": 3.6988}"
58,37,2024-06-23 19:09:00,EXCHANGE,"{""bid"": 39812.9308, ""ask"": 39814.5628, ""volume"": 740749, ""spread"": 1.632}"
59,8,2024-04-01 04:57:58,EXCHANGE,"{""bid"": 33041.9253, ""ask"": 33042.8619, ""volume"": 312568, ""spread"": 0.9366}"
60,32,2024-01-02 13:36:02,OTC,"{""bid"": 31589.3108, ""ask"": 31593.9452, ""volume"": 923978, ""spread"": 4.6344}"
61,20,2024-02-10 02:15:45,EXCHANGE,"{""bid"": 36609.7291, ""ask"": 36610.1871, ""volume"": 330784, ""spread"": 0.458}"
62,37,2024-04-27 04:44:34,EXCHANGE,"{""bid"": 32077.2387, ""ask"": 32080.6412, ""volume"": 847218, ""spread"": 3.4025}"
63,18,2024-10-28 06:05:25,EXCHANGE,"{""bid"": 24517.9055, ""ask"": 24520.2712, ""volume"": 884468, ""spread"": 2.3657}"
64,20,2024-08-20 05:21:57,EXCHANGE,"{""bid"": 34670.6427, ""ask"": 34674.6517, ""volume"": 721938, ""spread"": 4.009}"
65,36,2024-10-21 02:35:36,EXCHANGE,"{""bid"": 19458.6266, ""ask"": 19463.0464, ""volume"": 684170, ""spread"": 4.4198}"
66,7,2025-01-28 11:10:23,EXCHANGE,"{""bid"": 21294.2622, ""ask"": 21298.8022, ""volume"": 925553, ""spread"": 4.54}"
67,9,2025-01-16 04:09:14,EXCHANGE,"{""bid"": 17280.771, ""ask"": 17285.6054, ""volume"": 953857, ""spread"": 4.8344}"
68,13,2024-10-16 08:24:05,OTC,"{""bid"": 29467.1309, ""ask"": 29471.6613, ""volume"": 878748, ""spread"": 4.5304}"
69,34,2024-03-29 01:33:26,EXCHANGE,"{""bid"": 7239.4039, ""ask"": 7239.8907, ""volume"": 641178, ""spread"": 0.4868}"
70,13,2024-07-11 05:46:01,OTC,"{""bid"": 36930.4552, ""ask"": 36931.7968, ""volume"": 134193, ""spread"": 1.3416}"
71,20,2024-12-30 18:01:12,EXCHANGE,"{""bid"": 2414.4014, ""ask"": 2414.8317, ""volume"": 609519, ""spread"": 0.4303}"
72,19,2024-05-03 07:58:39,OTC,"{""bid"": 21679.0858, ""ask"": 21679.8899, ""volume"": 923493, ""spread"": 0.8041}"
73,6,2024-02-14 01:09:12,OTC,"{""bid"": 18391.1623, ""ask"": 18391.3478, ""volume"": 792122, ""spread"": 0.1855}"
74,17,2024-05-04 21:13:20,EXCHANGE,"{""bid"": 39013.4938, ""ask"": 39014.7627, ""volume"": 312077, ""spread"": 1.2689}"
75,30,2024-07-18 04:16:14,OTC,"{""bid"": 254.737, ""ask"": 255.004, ""volume"": 603511, ""spread"": 0.267}"
76,27,2024-12-12 22:23:17,EXCHANGE,"{""bid"": 17313.6008, ""ask"": 17315.9172, ""volume"": 309309, ""spread"": 2.3164}"
77,17,2024-06-10 13:22:07,EXCHANGE,"{""bid"": 44396.1513, ""ask"": 44398.0866, ""volume"": 659180, ""spread"": 1.9353}"
78,2,2024-05-25 03:36:32,EXCHANGE,"{""bid"": 28895.8048, ""ask"": 28896.589, ""volume"": 833156, ""spread"": 0.7842}"
79,19,2025-01-16 14:45:37,EXCHANGE,"{""bid"": 18015.9935, ""ask"": 18019.2284, ""volume"": 444130, ""spread"": 3.2349}"
80,2,2024-08-03 03:29:17,EXCHANGE,"{""bid"": 5785.2664, ""ask"": 5785.9351, ""volume"": 705434, ""spread"": 0.6687}"
81,22,2024-10-23 17:22:39,EXCHANGE,"{""bid"": 17098.3607, ""ask"": 17098.4486, ""volume"": 626792, ""spread"": 0.0879}"
82,23,2024-08-08 01:44:49,EXCHANGE,"{""bid"": 4905.1949, ""ask"": 4909.3384, ""volume"": 70979, ""spread"": 4.1435}"
83,2,2024-02-13 11:49:33,EXCHANGE,"{""bid"": 4529.1675, ""ask"": 4530.7587, ""volume"": 580412, ""spread"": 1.5912}"
84,16,2024-04-03 19:50:43,EXCHANGE,"{""bid"": 31373.9733, ""ask"": 31378.4985, ""volume"": 790003, ""spread"": 4.5252}"
85,19,2024-02-09 18:05:33,EXCHANGE,"{""bid"": 10051.6971, ""ask"": 10052.8949, ""volume"": 593786, ""spread"": 1.1978}"
86,40,2025-01-16 23:07:20,EXCHANGE,"{""bid"": 41879.598, ""ask"": 41884.4705, ""volume"": 170268, ""spread"": 4.8725}"
87,27,2024-05-07 09:07:02,EXCHANGE,"{""bid"": 10394.175, ""ask"": 10397.1256, ""volume"": 395384, ""spread"": 2.9506}"
88,31,2024-01-11 12:26:57,EXCHANGE,"{""bid"": 43578.083, ""ask"": 43581.2536, ""volume"": 436954, ""spread"": 3.1706}"
89,4,2025-01-24 15:21:58,OTC,"{""bid"": 2928.9542, ""ask"": 2931.2858, ""volume"": 531743, ""spread"": 2.3316}"
90,26,2024-04-27 04:01:52,EXCHANGE,"{""bid"": 34086.367, ""ask"": 34090.4964, ""volume"": 989929, ""spread"": 4.1294}"
91,2,2024-05-07 14:18:26,OTC,"{""bid"": 34826.7976, ""ask"": 34827.1341, ""volume"": 707859, ""spread"": 0.3365}"
92,3,2024-05-08 07:52:16,OTC,"{""bid"": 38060.1043, ""ask"": 38060.1659, ""volume"": 101110, ""spread"": 0.0616}"
93,24,2024-02-13 06:04:17,OTC,"{""bid"": 46912.2622, ""ask"": 46912.6884, ""volume"": 7174, ""spread"": 0.4262}"
94,21,2025-01-14 03:13:46,EXCHANGE,"{""bid"": 14521.2739, ""ask"": 14523.6793, ""volume"": 994463, ""spread"": 2.4054}"
95,15,2024-01-08 07:34:00,EXCHANGE,"{""bid"": 30141.6814, ""ask"": 30141.9526, ""volume"": 372673, ""spread"": 0.2712}"
96,26,2024-12-17 00:02:08,EXCHANGE,"{""bid"": 32410.2326, ""ask"": 32411.7111, ""volume"": 412380, ""spread"": 1.4785}"
97,15,2024-02-18 01:04:08,EXCHANGE,"{""bid"": 22340.4891, ""ask"": 22341.5806, ""volume"": 306040, ""spread"": 1.0915}"
98,33,2024-09-04 13:11:16,EXCHANGE,"{""bid"": 44065.0103, ""ask"": 44069.9147, ""volume"": 824742, ""spread"": 4.9044}"
99,31,2024-02-07 03:48:27,EXCHANGE,"{""bid"": 48554.086, ""ask"": 48554.8712, ""volume"": 483568, ""spread"": 0.7852}"
100,23,2025-02-02 07:17:33,EXCHANGE,"{""bid"": 11897.5977, ""ask"": 11901.2065, ""volume"": 719209, ""spread"": 3.6088}"
101,23,2024-10-15 12:21:23,OTC,"{""bid"": 30006.8111, ""ask"": 30009.6657, ""volume"": 368222, ""spread"": 2.8546}"
102,13,2024-03-21 21:18:15,EXCHANGE,"{""bid"": 11601.4287, ""ask"": 11604.7932, ""volume"": 961845, ""spread"": 3.3645}"
103,25,2024-02-29 05:05:52,EXCHANGE,"{""bid"": 49408.7387, ""ask"": 49413.7073, ""volume"": 613460, ""spread"": 4.9686}"
104,1,2024-05-08 12:12:52,EXCHANGE,"{""bid"": 23171.9392, ""ask"": 23176.8166, ""volume"": 715807, ""spread"": 4.8774}"
105,9,2024-10-05 14:03:18,EXCHANGE,"{""bid"": 16936.9542, ""ask"": 16940.1973, ""volume"": 132468, ""spread"": 3.2431}"
106,33,2024-09-21 12:48:51,EXCHANGE,"{""bid"": 4545.6304, ""ask"": 4549.6027, ""volume"": 125503, ""spread"": 3.9723}"
107,12,2024-03-17 20:26:41,OTC,"{""bid"": 46891.8396, ""ask"": 46893.5042, ""volume"": 380775, ""spread"": 1.6646}"
108,5,2024-12-21 08:40:52,EXCHANGE,"{""bid"": 17519.1109, ""ask"": 17520.4511, ""volume"": 841017, ""spread"": 1.3402}"
109,36,2024-12-29 01:24:07,EXCHANGE,"{""bid"": 36491.4844, ""ask"": 36493.1587, ""volume"": 276199, ""spread"": 1.6743}"
110,2,2024-05-31 11:24:33,EXCHANGE,"{""bid"": 41183.7159, ""ask"": 41186.067, ""volume"": 306943, ""spread"": 2.3511}"
111,19,2024-02-13 16:48:33,EXCHANGE,"{""bid"": 44062.4437, ""ask"": 44063.2857, ""volume"": 588071, ""spread"": 0.842}"
112,11,2024-03-01 06:56:52,EXCHANGE,"{""bid"": 32509.3561, ""ask"": 32511.7955, ""volume"": 445171, ""spread"": 2.4394}"
113,34,2024-11-01 00:28:22,OTC,"{""bid"": 29191.2181, ""ask"": 29194.2303, ""volume"": 913946, ""spread"": 3.0122}"
114,29,2024-04-02 10:20:51,EXCHANGE,"{""bid"": 10048.9529, ""ask"": 10049.6589, ""volume"": 711746, ""spread"": 0.706}"
115,29,2024-07-14 14:29:33,EXCHANGE,"{""bid"": 40906.0729, ""ask"": 40906.5058, ""volume"": 96213, ""spread"": 0.4329}"
116,30,2024-09-08 20:28:34,OTC,"{""bid"": 10839.748, ""ask"": 10841.6507, ""volume"": 463652, ""spread"": 1.9027}"
117,2,2025-01-09 04:39:45,EXCHANGE,"{""bid"": 22093.9097, ""ask"": 22096.9457, ""volume"": 109760, ""spread"": 3.036}"
118,18,2024-08-16 01:44:04,EXCHANGE,"{""bid"": 21345.3996, ""ask"": 21345.5693, ""volume"": 774220, ""spread"": 0.1697}"
119,18,2024-03-28 10:41:14,EXCHANGE,"{""bid"": 23911.2182, ""ask"": 23914.886, ""volume"": 428522, ""spread"": 3.6678}"
120,16,2024-09-28 22:56:29,EXCHANGE,"{""bid"": 3780.2862, ""ask"": 3782.3387, ""volume"": 347073, ""spread"": 2.0525}"
121,29,2024-03-10 15:16:14,EXCHANGE,"{""bid"": 44473.4051, ""ask"": 44475.8328, ""volume"": 968454, ""spread"": 2.4277}"
122,6,2024-06-13 08:24:43,EXCHANGE,"{""bid"": 36846.6933, ""ask"": 36847.1539, ""volume"": 497198, ""spread"": 0.4606}"
123,4,2024-04-16 08:20:50,EXCHANGE,"{""bid"": 155.0803, ""ask"": 159.3446, ""volume"": 452033, ""spread"": 4.2643}"
124,9,2024-05-28 22:03:09,EXCHANGE,"{""bid"": 22797.2242, ""ask"": 22800.555, ""volume"": 269043, ""spread"": 3.3308}"
125,9,2024-08-03 19:49:24,EXCHANGE,"{""bid"": 46951.736, ""ask"": 46955.0536, ""volume"": 129784, ""spread"": 3.3176}"
126,5,2024-06-16 21:16:01,EXCHANGE,"{""bid"": 26325.6267, ""ask"": 26329.5224, ""volume"": 88121, ""spread"": 3.8957}"
127,11,2024-06-26 09:01:01,EXCHANGE,"{""bid"": 34181.288, ""ask"": 34183.7325, ""volume"": 670357, ""spread"": 2.4445}"
128,9,2024-10-15 12:53:12,EXCHANGE,"{""bid"": 1035.9168, ""ask"": 1036.4629, ""volume"": 407744, ""spread"": 0.5461}"
129,7,2024-11-24 02:16:49,OTC,"{""bid"": 24043.4881, ""ask"": 24044.1116, ""volume"": 471785, ""spread"": 0.6235}"
130,36,2024-07-04 21:25:45,EXCHANGE,"{""bid"": 36281.8168, ""ask"": 36286.6913, ""volume"": 324455, ""spread"": 4.8745}"
131,3,2024-11-14 14:44:16,EXCHANGE,"{""bid"": 15189.0816, ""ask"": 15189.4955, ""volume"": 709754, ""spread"": 0.4139}"
132,6,2024-10-23 08:39:04,EXCHANGE,"{""bid"": 25511.6279, ""ask"": 25512.485, ""volume"": 745444, ""spread"": 0.8571}"
133,2,2024-02-03 07:42:10,OTC,"{""bid"": 16964.6116, ""ask"": 16965.8634, ""volume"": 99261, ""spread"": 1.2518}"
134,29,2024-04-16 14:54:12,EXCHANGE,"{""bid"": 701.3914, ""ask"": 701.5752, ""volume"": 135187, ""spread"": 0.1838}"
135,15,2024-06-19 01:43:21,OTC,"{""bid"": 21599.308, ""ask"": 21601.8302, ""volume"": 522065, ""spread"": 2.5222}"
136,35,2024-10-31 06:24:20,EXCHANGE,"{""bid"": 2290.2224, ""ask"": 2292.9269, ""volume"": 978328, ""spread"": 2.7045}"
137,15,2024-03-19 06:39:26,EXCHANGE,"{""bid"": 22469.05, ""ask"": 22469.4163, ""volume"": 544226, ""spread"": 0.3663}"
138,5,2025-01-13 11:01:09,EXCHANGE,"{""bid"": 42465.7, ""ask"": 42467.7979, ""volume"": 629509, ""spread"": 2.0979}"
139,29,2024-07-25 06:39:32,EXCHANGE,"{""bid"": 41911.8085, ""ask"": 41914.9173, ""volume"": 667286, ""spread"": 3.1088}"
140,26,2024-01-12 04:26:01,EXCHANGE,"{""bid"": 7763.0373, ""ask"": 7763.0706, ""volume"": 268089, ""spread"": 0.0333}"
141,30,2025-01-24 13:49:07,EXCHANGE,"{""bid"": 47077.2595, ""ask"": 47081.8418, ""volume"": 391229, ""spread"": 4.5823}"
142,23,2024-12-11 19:23:52,EXCHANGE,"{""bid"": 34401.8866, ""ask"": 34404.9701, ""volume"": 825790, ""spread"": 3.0835}"
143,22,2024-01-27 17:45:43,OTC,"{""bid"": 44815.668, ""ask"": 44818.8958, ""volume"": 67059, ""spread"": 3.2278}"
144,25,2024-06-01 14:28:32,EXCHANGE,"{""bid"": 31955.6696, ""ask"": 31957.7068, ""volume"": 296544, ""spread"": 2.0372}"
145,24,2024-08-04 15:24:09,EXCHANGE,"{""bid"": 27402.1679, ""ask"": 27402.6696, ""volume"": 512394, ""spread"": 0.5017}"
146,35,2024-09-01 18:05:54,EXCHANGE,"{""bid"": 45910.5011, ""ask"": 45911.9663, ""volume"": 670915, ""spread"": 1.4652}"
147,35,2024-11-09 12:47:29,EXCHANGE,"{""bid"": 16780.5722, ""ask"": 16783.0162, ""volume"": 345459, ""spread"": 2.444}"
148,33,2025-02-02 20:44:21,EXCHANGE,"{""bid"": 24742.8222, ""ask"": 24745.7131, ""volume"": 243115, ""spread"": 2.8909}"
149,33,2024-07-15 10:55:02,OTC,"{""bid"": 44097.7983, ""ask"": 44098.9262, ""volume"": 402464, ""spread"": 1.1279}"
150,18,2024-08-06 12:50:25,EXCHANGE,"{""bid"": 1676.985, ""ask"": 1681.1772, ""volume"": 324780, ""spread"": 4.1922}"
151,1,2024-06-26 21:05:09,EXCHANGE,"{""bid"": 17604.3178, ""ask"": 17607.6064, ""volume"": 563697, ""spread"": 3.2886}"
152,3,2024-08-30 13:34:05,EXCHANGE,"{""bid"": 941.8846, ""ask"": 943.8994, ""volume"": 31077, ""spread"": 2.0148}"
153,36,2024-09-02 05:21:46,OTC,"{""bid"": 46421.3171, ""ask"": 46422.9457, ""volume"": 711840, ""spread"": 1.6286}"
154,5,2024-11-18 12:03:52,OTC,"{""bid"": 13909.9318, ""ask"": 13910.3554, ""volume"": 452020, ""spread"": 0.4236}"
155,18,2024-08-23 20:11:26,OTC,"{""bid"": 42790.4138, ""ask"": 42794.5641, ""volume"": 606347, ""spread"": 4.1503}"
156,6,2024-08-14 09:45:39,EXCHANGE,"{""bid"": 21556.85, ""ask"": 21558.5877, ""volume"": 188595, ""spread"": 1.7377}"
157,13,2025-02-02 23:58:28,EXCHANGE,"{""bid"": 4442.7849, ""ask"": 4446.2497, ""volume"": 613306, ""spread"": 3.4648}"
158,1,2024-12-20 04:47:43,EXCHANGE,"{""bid"": 39478.2768, ""ask"": 39479.1458, ""volume"": 883371, ""spread"": 0.869}"
159,27,2024-06-11 05:44:32,OTC,"{""bid"": 37854.5005, ""ask"": 37857.1657, ""volume"": 895557, ""spread"": 2.6652}"
160,27,2024-08-04 09:55:18,EXCHANGE,"{""bid"": 11556.3897, ""ask"": 11556.5885, ""volume"": 60222, ""spread"": 0.1988}"
161,11,2024-09-10 16:03:07,OTC,"{""bid"": 348.8787, ""ask"": 351.3122, ""volume"": 842350, ""spread"": 2.4335}"
162,29,2024-01-08 08:23:06,OTC,"{""bid"": 18882.6523, ""ask"": 18886.3542, ""volume"": 233257, ""spread"": 3.7019}"
163,9,2024-03-17 20:41:10,EXCHANGE,"{""bid"": 35731.1486, ""ask"": 35732.565, ""volume"": 111237, ""spread"": 1.4164}"
164,30,2024-04-05 10:01:07,EXCHANGE,"{""bid"": 28952.4271, ""ask"": 28952.5767, ""volume"": 930396, ""spread"": 0.1496}"
165,35,2024-06-07 19:32:15,EXCHANGE,"{""bid"": 932.4439, ""ask"": 934.5929, ""volume"": 847067, ""spread"": 2.149}"
166,26,2024-11-20 15:35:39,EXCHANGE,"{""bid"": 34114.5809, ""ask"": 34118.0651, ""volume"": 409856, ""spread"": 3.4842}"
167,31,2024-03-15 19:52:34,EXCHANGE,"{""bid"": 3810.4431, ""ask"": 3813.3991, ""volume"": 32081, ""spread"": 2.956}"
168,3,2024-05-24 20:35:01,OTC,"{""bid"": 2253.6244, ""ask"": 2255.0475, ""volume"": 407377, ""spread"": 1.4231}"
169,8,2024-04-19 12:10:41,OTC,"{""bid"": 18036.1225, ""ask"": 18039.1386, ""volume"": 921668, ""spread"": 3.0161}"
170,28,2024-09-15 13:45:38,EXCHANGE,"{""bid"": 7401.093, ""ask"": 7404.2179, ""volume"": 470795, ""spread"": 3.1249}"
171,33,2025-01-31 06:37:12,EXCHANGE,"{""bid"": 24224.4394, ""ask"": 24228.1669, ""volume"": 22650, ""spread"": 3.7275}"
172,15,2024-03-29 08:20:40,OTC,"{""bid"": 35562.2793, ""ask"": 35566.0627, ""volume"": 375213, ""spread"": 3.7834}"
173,39,2024-07-23 16:09:48,OTC,"{""bid"": 7592.0765, ""ask"": 7595.8251, ""volume"": 233572, ""spread"": 3.7486}"
174,35,2024-02-19 18:21:12,EXCHANGE,"{""bid"": 17819.9703, ""ask"": 17821.6598, ""volume"": 398504, ""spread"": 1.6895}"
175,26,2024-03-12 15:42:29,EXCHANGE,"{""bid"": 40139.1698, ""ask"": 40144.1172, ""volume"": 624282, ""spread"": 4.9474}"
176,13,2024-09-04 10:14:16,OTC,"{""bid"": 27331.5779, ""ask"": 27332.2304, ""volume"": 128306, ""spread"": 0.6525}"
177,19,2024-04-02 15:36:28,OTC,"{""bid"": 19611.3035, ""ask"": 19615.686, ""volume"": 912678, ""spread"": 4.3825}"
178,11,2024-08-24 17:37:31,EXCHANGE,"{""bid"": 36916.7436, ""ask"": 36917.8288, ""volume"": 655996, ""spread"": 1.0852}"
179,21,2024-02-12 21:30:21,EXCHANGE,"{""bid"": 706.3996, ""ask"": 708.3288, ""volume"": 253052, ""spread"": 1.9292}"
180,13,2024-11-12 01:27:50,EXCHANGE,"{""bid"": 311.1417, ""ask"": 314.1686, ""volume"": 277133, ""spread"": 3.0269}"
181,38,2024-10-25 06:33:23,EXCHANGE,"{""bid"": 19301.8226, ""ask"": 19304.7334, ""volume"": 225143, ""spread"": 2.9108}"
182,15,2024-02-11 18:04:47,EXCHANGE,"{""bid"": 1014.0745, ""ask"": 1015.5095, ""volume"": 286112, ""spread"": 1.435}"
183,26,2024-04-21 02:43:38,EXCHANGE,"{""bid"": 39487.5407, ""ask"": 39488.5344, ""volume"": 153256, ""spread"": 0.9937}"
184,28,2024-05-02 03:08:49,OTC,"{""bid"": 42562.9354, ""ask"": 42567.376, ""volume"": 176863, ""spread"": 4.4406}"
185,8,2024-05-01 12:49:17,EXCHANGE,"{""bid"": 12560.5509, ""ask"": 12561.2306, ""volume"": 516223, ""spread"": 0.6797}"
186,8,2024-09-29 11:46:18,OTC,"{""bid"": 724.2535, ""ask"": 725.1267, ""volume"": 627838, ""spread"": 0.8732}"
187,30,2024-07-04 23:49:20,EXCHANGE,"{""bid"": 20938.8881, ""ask"": 20940.1832, ""volume"": 423242, ""spread"": 1.2951}"
188,5,2024-10-06 10:22:08,EXCHANGE,"{""bid"": 1495.784, ""ask"": 1496.1314, ""volume"": 223166, ""spread"": 0.3474}"
189,24,2024-12-30 04:33:36,EXCHANGE,"{""bid"": 38291.2239, ""ask"": 38292.5426, ""volume"": 600491, ""spread"": 1.3187}"
190,2,2024-10-03 12:02:12,EXCHANGE,"{""bid"": 47446.7097, ""ask"": 47450.2494, ""volume"": 825020, ""spread"": 3.5397}"
191,26,2024-08-10 20:04:44,EXCHANGE,"{""bid"": 17107.8582, ""ask"": 17112.7267, ""volume"": 19730, ""spread"": 4.8685}"
192,14,2024-08-06 01:52:14,EXCHANGE,"{""bid"": 31950.6236, ""ask"": 31952.9299, ""volume"": 622539, ""spread"": 2.3063}"
193,24,2024-06-01 18:58:03,EXCHANGE,"{""bid"": 49318.1984, ""ask"": 49320.1851, ""volume"": 249956, ""spread"": 1.9867}"
194,29,2025-01-18 05:30:16,EXCHANGE,"{""bid"": 38972.5458, ""ask"": 38974.0925, ""volume"": 442847, ""spread"": 1.5467}"
195,29,2024-10-18 05:07:01,EXCHANGE,"{""bid"": 30059.1036, ""ask"": 30061.8316, ""volume"": 220664, ""spread"": 2.728}"
196,33,2025-01-09 19:21:46,EXCHANGE,"{""bid"": 8523.998, ""ask"": 8528.2261, ""volume"": 969565, ""spread"": 4.2281}"
197,37,2024-03-12 12:46:58,EXCHANGE,"{""bid"": 644.7233, ""ask"": 647.5911, ""volume"": 393329, ""spread"": 2.8678}"
198,14,2024-09-30 04:15:24,EXCHANGE,"{""bid"": 43427.5247, ""ask"": 43430.9896, ""volume"": 20585, ""spread"": 3.4649}"
199,19,2024-03-11 09:41:51,OTC,"{""bid"": 38481.05, ""ask"": 38483.6735, ""volume"": 344829, ""spread"": 2.6235}"
200,3,2024-10-22 13:16:12,EXCHANGE,"{""bid"": 21712.1301, ""ask"": 21713.8222, ""volume"": 938170, ""spread"": 1.6921}"
201,26,2024-06-02 21:29:34,EXCHANGE,"{""bid"": 26939.9854, ""ask"": 26942.1329, ""volume"": 903476, ""spread"": 2.1475}"
202,10,2024-08-03 13:26:12,EXCHANGE,"{""bid"": 25991.3384, ""ask"": 25994.9717, ""volume"": 631989, ""spread"": 3.6333}"
203,29,2024-04-17 18:51:32,OTC,"{""bid"": 17126.2592, ""ask"": 17131.1882, ""volume"": 261565, ""spread"": 4.929}"
204,36,2024-10-12 12:57:16,EXCHANGE,"{""bid"": 19218.6437, ""ask"": 19223.1357, ""volume"": 990086, ""spread"": 4.492}"
205,26,2024-12-03 23:58:31,EXCHANGE,"{""bid"": 23311.0139, ""ask"": 23315.0337, ""volume"": 903985, ""spread"": 4.0198}"
206,25,2024-09-25 07:14:12,OTC,"{""bid"": 33622.098, ""ask"": 33622.5265, ""volume"": 839793, ""spread"": 0.4285}"
207,3,2024-12-23 11:24:31,EXCHANGE,"{""bid"": 35228.5657, ""ask"": 35232.325, ""volume"": 44580, ""spread"": 3.7593}"
208,27,2024-01-29 05:14:59,OTC,"{""bid"": 47782.7002, ""ask"": 47784.0476, ""volume"": 256352, ""spread"": 1.3474}"
209,32,2024-04-06 18:25:49,EXCHANGE,"{""bid"": 35182.6061, ""ask"": 35185.3432, ""volume"": 744522, ""spread"": 2.7371}"
210,23,2025-01-21 04:45:37,EXCHANGE,"{""bid"": 38078.3428, ""ask"": 38078.6661, ""volume"": 129391, ""spread"": 0.3233}"
211,18,2024-08-09 03:53:28,EXCHANGE,"{""bid"": 31094.1435, ""ask"": 31097.4095, ""volume"": 271003, ""spread"": 3.266}"
212,5,2024-10-30 05:38:29,EXCHANGE,"{""bid"": 35038.5806, ""ask"": 35040.0057, ""volume"": 188231, ""spread"": 1.4251}"
213,5,2025-01-06 18:48:44,OTC,"{""bid"": 34720.2824, ""ask"": 34720.4922, ""volume"": 717493, ""spread"": 0.2098}"
214,2,2024-07-08 03:48:54,OTC,"{""bid"": 3669.57, ""ask"": 3669.8841, ""volume"": 427422, ""spread"": 0.3141}"
215,37,2024-08-04 09:40:26,EXCHANGE,"{""bid"": 21109.5731, ""ask"": 21113.14, ""volume"": 948919, ""spread"": 3.5669}"
216,8,2024-05-09 17:50:18,OTC,"{""bid"": 36310.3347, ""ask"": 36313.212, ""volume"": 462541, ""spread"": 2.8773}"
217,26,2024-10-23 20:32:17,EXCHANGE,"{""bid"": 31817.5686, ""ask"": 31820.0213, ""volume"": 815065, ""spread"": 2.4527}"
218,27,2024-05-31 19:00:03,OTC,"{""bid"": 40055.4735, ""ask"": 40060.2343, ""volume"": 902859, ""spread"": 4.7608}"
219,16,2024-11-02 16:54:02,EXCHANGE,"{""bid"": 23434.5919, ""ask"": 23437.5406, ""volume"": 365195, ""spread"": 2.9487}"
220,40,2024-07-05 07:19:56,OTC,"{""bid"": 35654.9351, ""ask"": 35657.0636, ""volume"": 638121, ""spread"": 2.1285}"
221,7,2024-09-18 15:57:39,EXCHANGE,"{""bid"": 24973.8529, ""ask"": 24976.5315, ""volume"": 480736, ""spread"": 2.6786}"
222,12,2024-02-15 14:58:57,EXCHANGE,"{""bid"": 43383.0346, ""ask"": 43385.361, ""volume"": 241972, ""spread"": 2.3264}"
223,25,2024-10-29 12:06:17,EXCHANGE,"{""bid"": 36803.0066, ""ask"": 36805.9503, ""volume"": 194034, ""spread"": 2.9437}"
224,18,2024-05-07 17:10:00,EXCHANGE,"{""bid"": 44467.7607, ""ask"": 44469.9947, ""volume"": 397536, ""spread"": 2.234}"
225,10,2024-05-12 08:14:05,EXCHANGE,"{""bid"": 36230.6148, ""ask"": 36235.1334, ""volume"": 542265, ""spread"": 4.5186}"
226,35,2024-01-17 13:12:43,EXCHANGE,"{""bid"": 41096.0019, ""ask"": 41099.622, ""volume"": 606028, ""spread"": 3.6201}"
227,27,2024-07-22 08:29:53,OTC,"{""bid"": 37001.9728, ""ask"": 37002.174, ""volume"": 95463, ""spread"": 0.2012}"
228,12,2024-03-29 14:20:56,EXCHANGE,"{""bid"": 37892.9889, ""ask"": 37895.8707, ""volume"": 386814, ""spread"": 2.8818}"
229,30,2024-10-23 01:47:30,EXCHANGE,"{""bid"": 11343.0092, ""ask"": 11345.7916, ""volume"": 810205, ""spread"": 2.7824}"
230,38,2024-06-06 12:40:09,EXCHANGE,"{""bid"": 17118.2376, ""ask"": 17122.8764, ""volume"": 965170, ""spread"": 4.6388}"
231,34,2024-09-05 19:56:03,EXCHANGE,"{""bid"": 21646.9105, ""ask"": 21649.5171, ""volume"": 362275, ""spread"": 2.6066}"
232,35,2024-09-09 19:30:01,EXCHANGE,"{""bid"": 29078.3155, ""ask"": 29082.7378, ""volume"": 583542, ""spread"": 4.4223}"
233,16,2024-03-16 19:16:43,EXCHANGE,"{""bid"": 47959.7461, ""ask"": 47960.349, ""volume"": 441707, ""spread"": 0.6029}"
234,37,2024-05-23 01:14:20,EXCHANGE,"{""bid"": 23551.0943, ""ask"": 23555.0172, ""volume"": 365363, ""spread"": 3.9229}"
235,39,2024-12-30 00:16:47,EXCHANGE,"{""bid"": 16118.4186, ""ask"": 16121.4216, ""volume"": 549563, ""spread"": 3.003}"
236,27,2025-01-28 14:34:19,EXCHANGE,"{""bid"": 27820.9596, ""ask"": 27821.3386, ""volume"": 267445, ""spread"": 0.379}"
237,16,2024-08-24 00:27:32,EXCHANGE,"{""bid"": 15171.7844, ""ask"": 15175.6723, ""volume"": 497960, ""spread"": 3.8879}"
238,40,2024-05-27 05:27:26,EXCHANGE,"{""bid"": 41341.2423, ""ask"": 41342.8191, ""volume"": 88220, ""spread"": 1.5768}"
239,34,2024-05-23 23:40:35,EXCHANGE,"{""bid"": 26208.1351, ""ask"": 26208.6174, ""volume"": 898710, ""spread"": 0.4823}"
240,15,2024-10-09 18:51:17,EXCHANGE,"{""bid"": 44429.6421, ""ask"": 44430.0748, ""volume"": 379179, ""spread"": 0.4327}"
241,23,2024-11-24 21:10:24,EXCHANGE,"{""bid"": 45033.3266, ""ask"": 45035.636, ""volume"": 996887, ""spread"": 2.3094}"
242,40,2024-09-22 11:31:56,EXCHANGE,"{""bid"": 949.9584, ""ask"": 950.8752, ""volume"": 398642, ""spread"": 0.9168}"
243,35,2024-08-20 16:07:43,EXCHANGE,"{""bid"": 2014.9189, ""ask"": 2019.4202, ""volume"": 190127, ""spread"": 4.5013}"
244,3,2024-09-02 08:13:57,OTC,"{""bid"": 44565.4357, ""ask"": 44569.3689, ""volume"": 465777, ""spread"": 3.9332}"
245,30,2024-09-12 09:26:05,EXCHANGE,"{""bid"": 43296.3366, ""ask"": 43299.0807, ""volume"": 944587, ""spread"": 2.7441}"
246,33,2024-02-24 11:15:05,OTC,"{""bid"": 41959.5252, ""ask"": 41961.3716, ""volume"": 582262, ""spread"": 1.8464}"
247,22,2024-07-29 07:09:38,EXCHANGE,"{""bid"": 23403.9233, ""ask"": 23408.5906, ""volume"": 270353, ""spread"": 4.6673}"
248,22,2024-01-16 03:30:41,EXCHANGE,"{""bid"": 15895.7357, ""ask"": 15896.2408, ""volume"": 679851, ""spread"": 0.5051}"
249,2,2024-04-09 21:12:53,EXCHANGE,"{""bid"": 8570.0672, ""ask"": 8574.9405, ""volume"": 949094, ""spread"": 4.8733}"
250,5,2024-12-16 19:52:00,EXCHANGE,"{""bid"": 30941.0134, ""ask"": 30943.3442, ""volume"": 239205, ""spread"": 2.3308}"
251,37,2024-05-09 13:45:12,EXCHANGE,"{""bid"": 40625.8386, ""ask"": 40626.142, ""volume"": 790474, ""spread"": 0.3034}"
252,4,2024-12-19 15:57:55,EXCHANGE,"{""bid"": 38064.5778, ""ask"": 38066.3775, ""volume"": 753098, ""spread"": 1.7997}"
253,31,2024-04-29 13:30:09,EXCHANGE,"{""bid"": 14477.6629, ""ask"": 14479.5104, ""volume"": 42121, ""spread"": 1.8475}"
254,18,2024-09-04 15:06:54,EXCHANGE,"{""bid"": 4137.5102, ""ask"": 4139.9464, ""volume"": 259533, ""spread"": 2.4362}"
255,21,2024-12-20 06:08:03,OTC,"{""bid"": 32160.3935, ""ask"": 32162.4328, ""volume"": 699046, ""spread"": 2.0393}"
256,1,2024-10-07 17:41:33,EXCHANGE,"{""bid"": 5576.4983, ""ask"": 5578.094, ""volume"": 405986, ""spread"": 1.5957}"
257,38,2024-05-22 19:31:07,EXCHANGE,"{""bid"": 24914.313, ""ask"": 24915.0955, ""volume"": 536164, ""spread"": 0.7825}"
258,31,2025-01-05 11:43:00,EXCHANGE,"{""bid"": 36168.9454, ""ask"": 36170.9089, ""volume"": 113459, ""spread"": 1.9635}"
259,9,2024-07-18 13:58:21,EXCHANGE,"{""bid"": 16010.2138, ""ask"": 16010.2532, ""volume"": 572020, ""spread"": 0.0394}"
260,11,2024-08-23 10:12:37,EXCHANGE,"{""bid"": 46672.2393, ""ask"": 46674.8074, ""volume"": 416860, ""spread"": 2.5681}"
261,5,2024-12-18 15:16:42,OTC,"{""bid"": 27332.4015, ""ask"": 27336.8117, ""volume"": 473968, ""spread"": 4.4102}"
262,13,2024-12-16 05:45:46,EXCHANGE,"{""bid"": 26545.6087, ""ask"": 26545.6913, ""volume"": 802772, ""spread"": 0.0826}"
263,3,2024-10-21 12:57:08,EXCHANGE,"{""bid"": 14039.3779, ""ask"": 14043.6487, ""volume"": 295002, ""spread"": 4.2708}"
264,3,2024-11-04 07:37:53,EXCHANGE,"{""bid"": 24532.9558, ""ask"": 24536.9976, ""volume"": 39455, ""spread"": 4.0418}"
265,39,2024-05-17 18:54:48,EXCHANGE,"{""bid"": 19169.2803, ""ask"": 19172.0158, ""volume"": 628702, ""spread"": 2.7355}"
266,9,2024-01-30 17:19:29,EXCHANGE,"{""bid"": 41483.3559, ""ask"": 41485.5677, ""volume"": 625540, ""spread"": 2.2118}"
267,31,2024-11-30 08:17:24,OTC,"{""bid"": 24434.4459, ""ask"": 24435.5893, ""volume"": 163990, ""spread"": 1.1434}"
268,22,2024-01-10 20:40:27,EXCHANGE,"{""bid"": 26125.3788, ""ask"": 26127.4821, ""volume"": 296666, ""spread"": 2.1033}"
269,7,2024-03-29 15:12:18,EXCHANGE,"{""bid"": 37007.0654, ""ask"": 37007.757, ""volume"": 589680, ""spread"": 0.6916}"
270,12,2024-08-06 14:18:38,EXCHANGE,"{""bid"": 44364.3378, ""ask"": 44365.8961, ""volume"": 417121, ""spread"": 1.5583}"
271,30,2025-01-21 14:30:39,EXCHANGE,"{""bid"": 8049.2933, ""ask"": 8053.4346, ""volume"": 669622, ""spread"": 4.1413}"
272,32,2024-06-10 06:35:37,EXCHANGE,"{""bid"": 11048.9041, ""ask"": 11053.2591, ""volume"": 234806, ""spread"": 4.355}"
273,3,2024-07-23 09:59:43,EXCHANGE,"{""bid"": 36869.2445, ""ask"": 36872.4897, ""volume"": 446060, ""spread"": 3.2452}"
274,13,2024-10-03 00:16:35,EXCHANGE,"{""bid"": 36319.2754, ""ask"": 36323.7217, ""volume"": 8337, ""spread"": 4.4463}"
275,34,2024-10-10 02:29:25,EXCHANGE,"{""bid"": 4015.1695, ""ask"": 4019.237, ""volume"": 664815, ""spread"": 4.0675}"
276,14,2024-01-07 08:33:52,EXCHANGE,"{""bid"": 47088.7284, ""ask"": 47091.8549, ""volume"": 237589, ""spread"": 3.1265}"
277,24,2024-12-21 14:27:04,EXCHANGE,"{""bid"": 24625.2472, ""ask"": 24627.4523, ""volume"": 962053, ""spread"": 2.2051}"
278,3,2024-01-03 08:40:28,EXCHANGE,"{""bid"": 49857.2442, ""ask"": 49858.4152, ""volume"": 956823, ""spread"": 1.171}"
279,2,2025-01-26 07:45:51,OTC,"{""bid"": 30538.4611, ""ask"": 30542.0792, ""volume"": 871679, ""spread"": 3.6181}"
280,31,2024-12-04 03:31:12,EXCHANGE,"{""bid"": 19403.6181, ""ask"": 19408.3017, ""volume"": 515349, ""spread"": 4.6836}"
281,26,2024-05-22 08:51:12,EXCHANGE,"{""bid"": 916.236, ""ask"": 920.1285, ""volume"": 684721, ""spread"": 3.8925}"
282,29,2024-09-25 06:18:08,EXCHANGE,"{""bid"": 18617.4, ""ask"": 18619.0979, ""volume"": 836348, ""spread"": 1.6979}"
283,31,2024-02-14 22:42:41,EXCHANGE,"{""bid"": 25733.8384, ""ask"": 25736.0726, ""volume"": 501653, ""spread"": 2.2342}"
284,17,2024-08-24 14:07:03,OTC,"{""bid"": 9102.1267, ""ask"": 9107.0204, ""volume"": 94380, ""spread"": 4.8937}"
285,11,2024-10-21 04:33:21,EXCHANGE,"{""bid"": 25704.8165, ""ask"": 25705.8691, ""volume"": 392849, ""spread"": 1.0526}"
286,12,2024-06-26 11:56:03,OTC,"{""bid"": 15769.799, ""ask"": 15772.3056, ""volume"": 986442, ""spread"": 2.5066}"
287,23,2024-09-04 11:40:48,OTC,"{""bid"": 10734.8562, ""ask"": 10736.5838, ""volume"": 425645, ""spread"": 1.7276}"
288,16,2024-01-10 22:03:06,EXCHANGE,"{""bid"": 30002.0758, ""ask"": 30003.7042, ""volume"": 634902, ""spread"": 1.6284}"
289,25,2024-01-12 04:24:47,EXCHANGE,"{""bid"": 18683.3791, ""ask"": 18686.5094, ""volume"": 825100, ""spread"": 3.1303}"
290,33,2024-06-15 23:05:31,EXCHANGE,"{""bid"": 41596.7463, ""ask"": 41601.4312, ""volume"": 870651, ""spread"": 4.6849}"
291,5,2024-11-18 17:57:33,EXCHANGE,"{""bid"": 13375.8743, ""ask"": 13379.4604, ""volume"": 277558, ""spread"": 3.5861}"
292,13,2024-11-08 22:39:56,EXCHANGE,"{""bid"": 17058.2642, ""ask"": 17061.7301, ""volume"": 225339, ""spread"": 3.4659}"
293,6,2024-08-30 11:06:28,EXCHANGE,"{""bid"": 37114.1241, ""ask"": 37117.0024, ""volume"": 969532, ""spread"": 2.8783}"
294,25,2024-11-28 17:17:21,OTC,"{""bid"": 14796.1244, ""ask"": 14800.2429, ""volume"": 722155, ""spread"": 4.1185}"
295,17,2024-11-06 10:29:15,EXCHANGE,"{""bid"": 7131.3697, ""ask"": 7135.4678, ""volume"": 560226, ""spread"": 4.0981}"
296,40,2024-02-08 14:04:48,EXCHANGE,"{""bid"": 19564.7263, ""ask"": 19565.0804, ""volume"": 929784, ""spread"": 0.3541}"
297,23,2024-07-02 15:16:18,OTC,"{""bid"": 11539.5498, ""ask"": 11542.2694, ""volume"": 58316, ""spread"": 2.7196}"
298,18,2024-04-01 07:17:45,EXCHANGE,"{""bid"": 26784.098, ""ask"": 26785.9735, ""volume"": 969630, ""spread"": 1.8755}"
299,19,2024-02-17 10:14:51,EXCHANGE,"{""bid"": 44342.0123, ""ask"": 44346.9064, ""volume"": 409609, ""spread"": 4.8941}"
300,17,2024-09-25 05:33:13,EXCHANGE,"{""bid"": 47798.1959, ""ask"": 47800.2284, ""volume"": 375718, ""spread"": 2.0325}"
301,33,2024-01-18 00:30:40,EXCHANGE,"{""bid"": 7650.8074, ""ask"": 7655.3253, ""volume"": 722883, ""spread"": 4.5179}"
302,6,2024-01-16 21:44:07,OTC,"{""bid"": 27650.0981, ""ask"": 27650.7272, ""volume"": 503735, ""spread"": 0.6291}"
303,17,2024-11-03 03:05:16,EXCHANGE,"{""bid"": 17565.8884, ""ask"": 17568.3949, ""volume"": 75726, ""spread"": 2.5065}"
304,12,2024-08-21 04:37:25,EXCHANGE,"{""bid"": 34090.6047, ""ask"": 34092.0085, ""volume"": 840125, ""spread"": 1.4038}"
305,39,2024-07-22 08:30:45,EXCHANGE,"{""bid"": 1326.8689, ""ask"": 1331.1241, ""volume"": 929678, ""spread"": 4.2552}"
306,26,2024-07-28 13:59:49,EXCHANGE,"{""bid"": 3480.8042, ""ask"": 3482.8074, ""volume"": 68522, ""spread"": 2.0032}"
307,16,2024-11-01 13:35:51,OTC,"{""bid"": 17414.2198, ""ask"": 17417.5208, ""volume"": 142761, ""spread"": 3.301}"
308,21,2025-01-28 12:42:42,EXCHANGE,"{""bid"": 7774.7923, ""ask"": 7778.1371, ""volume"": 892225, ""spread"": 3.3448}"
309,31,2024-11-13 05:52:57,EXCHANGE,"{""bid"": 18375.3857, ""ask"": 18379.6828, ""volume"": 142701, ""spread"": 4.2971}"
310,35,2024-04-03 19:40:53,EXCHANGE,"{""bid"": 32757.1319, ""ask"": 32759.4249, ""volume"": 87392, ""spread"": 2.293}"
311,10,2024-04-29 16:43:21,OTC,"{""bid"": 4541.0458, ""ask"": 4542.122, ""volume"": 177350, ""spread"": 1.0762}"
312,37,2024-07-11 08:28:07,OTC,"{""bid"": 7890.5124, ""ask"": 7894.2284, ""volume"": 621946, ""spread"": 3.716}"
313,21,2025-01-06 05:15:03,OTC,"{""bid"": 2800.1145, ""ask"": 2805.0743, ""volume"": 826069, ""spread"": 4.9598}"
314,1,2024-11-04 04:28:32,OTC,"{""bid"": 20350.8954, ""ask"": 20352.0618, ""volume"": 812854, ""spread"": 1.1664}"
315,12,2024-02-08 02:33:31,EXCHANGE,"{""bid"": 21001.2942, ""ask"": 21002.7853, ""volume"": 119448, ""spread"": 1.4911}"
316,1,2024-07-22 11:02:05,EXCHANGE,"{""bid"": 6200.6018, ""ask"": 6203.4155, ""volume"": 11506, ""spread"": 2.8137}"
317,27,2025-01-08 12:53:16,EXCHANGE,"{""bid"": 49503.5613, ""ask"": 49508.5099, ""volume"": 1915, ""spread"": 4.9486}"
318,4,2024-10-23 00:31:32,EXCHANGE,"{""bid"": 42302.0771, ""ask"": 42305.1592, ""volume"": 433906, ""spread"": 3.0821}"
319,7,2024-06-20 19:05:13,EXCHANGE,"{""bid"": 39255.3312, ""ask"": 39255.5711, ""volume"": 109643, ""spread"": 0.2399}"
320,20,2024-08-30 21:40:30,OTC,"{""bid"": 2727.315, ""ask"": 2730.9467, ""volume"": 133713, ""spread"": 3.6317}"
321,2,2024-03-31 08:47:49,EXCHANGE,"{""bid"": 5602.4665, ""ask"": 5602.6387, ""volume"": 563294, ""spread"": 0.1722}"
322,9,2024-08-11 04:53:58,EXCHANGE,"{""bid"": 12942.9089, ""ask"": 12943.6233, ""volume"": 364833, ""spread"": 0.7144}"
323,10,2024-01-23 04:34:28,OTC,"{""bid"": 3862.8198, ""ask"": 3866.7783, ""volume"": 566858, ""spread"": 3.9585}"
324,40,2024-10-16 05:39:40,EXCHANGE,"{""bid"": 17201.0879, ""ask"": 17201.9412, ""volume"": 294663, ""spread"": 0.8533}"
325,1,2024-03-10 02:10:05,EXCHANGE,"{""bid"": 30499.184, ""ask"": 30500.8978, ""volume"": 66576, ""spread"": 1.7138}"
326,6,2024-04-25 11:35:09,EXCHANGE,"{""bid"": 695.9037, ""ask"": 699.4738, ""volume"": 471976, ""spread"": 3.5701}"
327,13,2024-01-11 08:36:40,EXCHANGE,"{""bid"": 25356.7265, ""ask"": 25361.6617, ""volume"": 798309, ""spread"": 4.9352}"
328,30,2024-10-20 16:47:28,EXCHANGE,"{""bid"": 39334.6947, ""ask"": 39337.3861, ""volume"": 830542, ""spread"": 2.6914}"
329,12,2025-01-26 03:48:37,EXCHANGE,"{""bid"": 25079.4818, ""ask"": 25081.5293, ""volume"": 337820, ""spread"": 2.0475}"
330,35,2024-07-13 09:13:34,EXCHANGE,"{""bid"": 25554.5443, ""ask"": 25556.2245, ""volume"": 638988, ""spread"": 1.6802}"
331,1,2024-09-26 16:55:26,EXCHANGE,"{""bid"": 49513.0447, ""ask"": 49517.2071, ""volume"": 411556, ""spread"": 4.1624}"
332,4,2024-06-22 23:34:20,OTC,"{""bid"": 48422.8237, ""ask"": 48427.0097, ""volume"": 732964, ""spread"": 4.186}"
333,4,2024-01-26 09:36:01,EXCHANGE,"{""bid"": 25932.5196, ""ask"": 25935.1181, ""volume"": 909789, ""spread"": 2.5985}"
334,18,2024-09-22 21:43:22,OTC,"{""bid"": 20081.5343, ""ask"": 20084.9445, ""volume"": 788319, ""spread"": 3.4102}"
335,30,2024-01-09 09:18:23,OTC,"{""bid"": 33457.546, ""ask"": 33459.1075, ""volume"": 633452, ""spread"": 1.5615}"
336,30,2024-10-14 17:20:31,EXCHANGE,"{""bid"": 5931.0305, ""ask"": 5932.549, ""volume"": 996990, ""spread"": 1.5185}"
337,6,2024-09-23 14:30:33,EXCHANGE,"{""bid"": 42594.2315, ""ask"": 42594.8289, ""volume"": 333566, ""spread"": 0.5974}"
338,37,2024-06-01 08:36:36,EXCHANGE,"{""bid"": 13252.9996, ""ask"": 13255.4677, ""volume"": 748022, ""spread"": 2.4681}"
339,36,2024-08-15 20:01:20,EXCHANGE,"{""bid"": 24302.3036, ""ask"": 24306.4928, ""volume"": 101681, ""spread"": 4.1892}"
340,4,2024-03-05 07:19:56,EXCHANGE,"{""bid"": 44581.6114, ""ask"": 44581.9777, ""volume"": 469017, ""spread"": 0.3663}"
341,12,2024-05-24 00:15:41,EXCHANGE,"{""bid"": 13797.9405, ""ask"": 13802.9225, ""volume"": 422898, ""spread"": 4.982}"
342,39,2024-08-10 18:51:47,EXCHANGE,"{""bid"": 12298.6411, ""ask"": 12301.1907, ""volume"": 645832, ""spread"": 2.5496}"
343,20,2024-09-27 21:54:34,EXCHANGE,"{""bid"": 41598.6335, ""ask"": 41599.083, ""volume"": 620772, ""spread"": 0.4495}"
344,27,2025-02-01 00:46:34,OTC,"{""bid"": 18402.7545, ""ask"": 18406.8337, ""volume"": 678763, ""spread"": 4.0792}"
345,38,2024-12-17 01:24:30,OTC,"{""bid"": 179.4789, ""ask"": 179.8823, ""volume"": 806899, ""spread"": 0.4034}"
346,8,2024-04-25 15:54:17,EXCHANGE,"{""bid"": 49399.1425, ""ask"": 49400.584, ""volume"": 973121, ""spread"": 1.4415}"
347,7,2024-12-14 11:04:01,EXCHANGE,"{""bid"": 46531.1838, ""ask"": 46533.9882, ""volume"": 319137, ""spread"": 2.8044}"
348,21,2024-04-17 03:08:43,EXCHANGE,"{""bid"": 13467.2926, ""ask"": 13470.0471, ""volume"": 267254, ""spread"": 2.7545}"
349,16,2024-10-04 16:59:22,EXCHANGE,"{""bid"": 10953.603, ""ask"": 10955.0894, ""volume"": 828807, ""spread"": 1.4864}"
350,9,2024-01-29 09:19:36,EXCHANGE,"{""bid"": 28804.9281, ""ask"": 28805.9311, ""volume"": 364966, ""spread"": 1.003}"
351,1,2024-10-28 21:21:45,EXCHANGE,"{""bid"": 16945.9624, ""ask"": 16948.6075, ""volume"": 676957, ""spread"": 2.6451}"
352,13,2024-02-01 01:33:14,EXCHANGE,"{""bid"": 161.4633, ""ask"": 162.5275, ""volume"": 623737, ""spread"": 1.0642}"
353,3,2024-02-14 18:54:28,EXCHANGE,"{""bid"": 47647.5169, ""ask"": 47651.1675, ""volume"": 777723, ""spread"": 3.6506}"
354,20,2024-05-24 11:03:44,OTC,"{""bid"": 18335.4811, ""ask"": 18338.9912, ""volume"": 287009, ""spread"": 3.5101}"
355,37,2024-08-14 04:57:01,EXCHANGE,"{""bid"": 33471.2259, ""ask"": 33474.9928, ""volume"": 658278, ""spread"": 3.7669}"
356,40,2024-12-24 13:04:56,EXCHANGE,"{""bid"": 3830.3464, ""ask"": 3834.8997, ""volume"": 361388, ""spread"": 4.5533}"
357,30,2024-07-12 18:47:34,OTC,"{""bid"": 5274.8381, ""ask"": 5276.3222, ""volume"": 899636, ""spread"": 1.4841}"
358,24,2024-05-07 09:50:13,OTC,"{""bid"": 47250.658, ""ask"": 47251.3875, ""volume"": 614630, ""spread"": 0.7295}"
359,36,2024-09-03 04:27:52,EXCHANGE,"{""bid"": 46023.8688, ""ask"": 46028.2552, ""volume"": 105767, ""spread"": 4.3864}"
360,36,2024-10-21 02:37:17,OTC,"{""bid"": 19339.1698, ""ask"": 19341.0068, ""volume"": 872883, ""spread"": 1.837}"
361,21,2024-03-29 01:23:08,OTC,"{""bid"": 2167.0227, ""ask"": 2168.2724, ""volume"": 366184, ""spread"": 1.2497}"
362,17,2024-03-13 11:45:00,OTC,"{""bid"": 854.2796, ""ask"": 856.8251, ""volume"": 626700, ""spread"": 2.5455}"
363,14,2024-12-07 10:59:06,OTC,"{""bid"": 43236.2789, ""ask"": 43236.7372, ""volume"": 507161, ""spread"": 0.4583}"
364,2,2024-12-19 06:51:55,EXCHANGE,"{""bid"": 12965.9461, ""ask"": 12969.1194, ""volume"": 638294, ""spread"": 3.1733}"
365,10,2024-05-19 10:15:03,EXCHANGE,"{""bid"": 28979.7516, ""ask"": 28981.8724, ""volume"": 807316, ""spread"": 2.1208}"
366,18,2024-03-01 09:42:51,EXCHANGE,"{""bid"": 10211.3718, ""ask"": 10214.7071, ""volume"": 610772, ""spread"": 3.3353}"
367,29,2025-01-30 22:39:51,EXCHANGE,"{""bid"": 13849.106, ""ask"": 13850.8479, ""volume"": 494396, ""spread"": 1.7419}"
368,7,2024-06-09 04:30:18,EXCHANGE,"{""bid"": 44540.5008, ""ask"": 44543.0209, ""volume"": 320618, ""spread"": 2.5201}"
369,17,2024-04-18 20:33:41,EXCHANGE,"{""bid"": 24496.0263, ""ask"": 24498.5432, ""volume"": 711384, ""spread"": 2.5169}"
370,30,2024-05-28 10:29:44,EXCHANGE,"{""bid"": 21146.7596, ""ask"": 21149.0897, ""volume"": 36925, ""spread"": 2.3301}"
371,9,2024-01-17 22:34:35,EXCHANGE,"{""bid"": 45707.0263, ""ask"": 45709.6211, ""volume"": 576609, ""spread"": 2.5948}"
372,3,2024-07-11 11:29:04,OTC,"{""bid"": 30473.9362, ""ask"": 30475.6572, ""volume"": 588508, ""spread"": 1.721}"
373,13,2024-04-04 04:00:33,EXCHANGE,"{""bid"": 26582.3595, ""ask"": 26584.4493, ""volume"": 544434, ""spread"": 2.0898}"
374,31,2024-09-15 00:24:55,OTC,"{""bid"": 11241.6329, ""ask"": 11243.8583, ""volume"": 174278, ""spread"": 2.2254}"
375,33,2024-07-13 02:47:13,EXCHANGE,"{""bid"": 39084.7938, ""ask"": 39086.492, ""volume"": 411155, ""spread"": 1.6982}"
376,10,2024-12-08 06:23:24,EXCHANGE,"{""bid"": 48735.985, ""ask"": 48740.2209, ""volume"": 390782, ""spread"": 4.2359}"
377,23,2024-12-09 00:22:44,OTC,"{""bid"": 34754.0648, ""ask"": 34754.8531, ""volume"": 662489, ""spread"": 0.7883}"
378,32,2024-10-02 07:11:39,OTC,"{""bid"": 46777.5949, ""ask"": 46782.2841, ""volume"": 458119, ""spread"": 4.6892}"
379,10,2024-08-19 17:04:26,EXCHANGE,"{""bid"": 22070.397, ""ask"": 22071.315, ""volume"": 919202, ""spread"": 0.918}"
380,6,2024-07-27 22:36:51,EXCHANGE,"{""bid"": 12984.9742, ""ask"": 12989.7439, ""volume"": 712087, ""spread"": 4.7697}"
381,23,2024-11-23 22:44:04,OTC,"{""bid"": 42256.324, ""ask"": 42257.5521, ""volume"": 846251, ""spread"": 1.2281}"
382,18,2024-04-09 08:51:24,OTC,"{""bid"": 43586.5577, ""ask"": 43589.4913, ""volume"": 268067, ""spread"": 2.9336}"
383,13,2024-01-14 06:32:49,EXCHANGE,"{""bid"": 4751.5732, ""ask"": 4754.5319, ""volume"": 209224, ""spread"": 2.9587}"
384,14,2024-05-23 10:42:50,OTC,"{""bid"": 8668.1116, ""ask"": 8669.4393, ""volume"": 750860, ""spread"": 1.3277}"
385,10,2024-05-03 06:07:03,EXCHANGE,"{""bid"": 16266.239, ""ask"": 16268.9766, ""volume"": 238700, ""spread"": 2.7376}"
386,22,2024-02-22 04:57:48,OTC,"{""bid"": 14711.8244, ""ask"": 14713.9147, ""volume"": 637036, ""spread"": 2.0903}"
387,28,2024-07-08 16:12:05,EXCHANGE,"{""bid"": 4768.6044, ""ask"": 4772.9388, ""volume"": 594290, ""spread"": 4.3344}"
388,1,2024-03-12 08:09:46,OTC,"{""bid"": 25326.5356, ""ask"": 25330.5903, ""volume"": 345538, ""spread"": 4.0547}"
389,12,2024-04-15 22:09:34,EXCHANGE,"{""bid"": 3899.1225, ""ask"": 3900.4542, ""volume"": 39537, ""spread"": 1.3317}"
390,13,2024-03-09 23:05:51,EXCHANGE,"{""bid"": 15142.8624, ""ask"": 15143.6516, ""volume"": 16627, ""spread"": 0.7892}"
391,29,2024-02-15 23:29:31,OTC,"{""bid"": 8799.8798, ""ask"": 8800.8721, ""volume"": 642866, ""spread"": 0.9923}"
392,32,2024-04-13 11:24:09,EXCHANGE,"{""bid"": 2048.1095, ""ask"": 2048.6289, ""volume"": 301509, ""spread"": 0.5194}"
393,5,2024-06-02 16:41:16,EXCHANGE,"{""bid"": 41145.2364, ""ask"": 41146.7476, ""volume"": 619033, ""spread"": 1.5112}"
394,5,2024-11-24 23:32:33,OTC,"{""bid"": 35888.729, ""ask"": 35893.2098, ""volume"": 34039, ""spread"": 4.4808}"
395,4,2024-02-27 22:17:03,OTC,"{""bid"": 39949.3075, ""ask"": 39952.2452, ""volume"": 135586, ""spread"": 2.9377}"
396,10,2024-01-23 05:12:42,OTC,"{""bid"": 25382.1789, ""ask"": 25382.8523, ""volume"": 541131, ""spread"": 0.6734}"
397,15,2025-01-05 19:50:15,EXCHANGE,"{""bid"": 49448.3558, ""ask"": 49453.2946, ""volume"": 317766, ""spread"": 4.9388}"
398,40,2025-01-30 00:35:31,EXCHANGE,"{""bid"": 44715.429, ""ask"": 44718.1433, ""volume"": 42054, ""spread"": 2.7143}"
399,21,2024-09-11 18:54:22,EXCHANGE,"{""bid"": 5402.6158, ""ask"": 5406.0056, ""volume"": 172633, ""spread"": 3.3898}"
400,35,2024-06-29 05:08:20,EXCHANGE,"{""bid"": 40057.1047, ""ask"": 40060.4018, ""volume"": 175226, ""spread"": 3.2971}"
